{"type":"FeatureCollection","features":[{"type":"Feature","geometry":{"type":"Point","coordinates":[-73.989555,40.729532]},"properties":{"name":"1421-23 Third Avenue","address":"1421-23 Third Avenue  Upper East Side Manhattan AB lists as Warehouse","asset_class":"Mixed-Use, User"}},{"type":"Feature","geometry":{"type":"Point","coordinates":[-73.963499,40.7741821]},"properties":{"name":"969 Madison Avenue","address":"969 Madison Avenue  Upper East Side Manhattan 32 East 76th Street","asset_class":"Retail, User"}},{"type":"Feature","geometry":{"type":"Point","coordinates":[-73.9633309,40.7595767]},"properties":{"name":"335 East 58th Street","address":"335 East 58th Street Midtown East Manhattan","asset_class":"Multifamily - Walk-Up"}},{"type":"Feature","geometry":{"type":"Point","coordinates":[-73.9708344,40.7601331]},"properties":{"name":"115 East 55th Street","address":"115 East 55th Street  Midtown East Manhattan AB lists as retail","asset_class":"Office, User"}},{"type":"Feature","geometry":{"type":"Point","coordinates":[-73.9871222,40.7636555]},"properties":{"name":"337 West 51st Street","address":"337 West 51st Street Midtown West Manhattan  --","asset_class":"Multifamily - Walk-Up"}},{"type":"Feature","geometry":{"type":"Point","coordinates":[-73.9642281,40.7631696]},"properties":{"name":"219 East 62nd Street","address":"219 East 62nd Street Upper East Side  Manhattan  --","asset_class":"Townhouse"}},{"type":"Feature","geometry":{"type":"Point","coordinates":[-73.9581076,40.7631159]},"properties":{"name":"417-19 East 65th Street","address":"417-19 East 65th Street Upper East Side Manhattan","asset_class":"Multifamily - Walk-Up"}},{"type":"Feature","geometry":{"type":"Point","coordinates":[-73.9659439,40.760702]},"properties":{"name":"215-219 East 58th Street","address":"215-219 East 58th Street Upper East Side  Manhattan  --","asset_class":"Office"}},{"type":"Feature","geometry":{"type":"Point","coordinates":[-73.9719094,40.7618139]},"properties":{"name":"38 East 57th Street","address":"38 East 57th Street Midtown East Manhattan  --","asset_class":"Office"}},{"type":"Feature","geometry":{"type":"Point","coordinates":[-73.970856,40.750765]},"properties":{"name":"302-306 East 44th Street","address":"302-306 East 44th Street Midtown East Manhattan  --","asset_class":"Commercial, User"}},{"type":"Feature","geometry":{"type":"Point","coordinates":[-73.9675721,40.7638041]},"properties":{"name":"133-135 East 61st Street","address":"133-135 East 61st Street Upper East Side Manhattan","asset_class":"Multifamily - Walk-Up"}},{"type":"Feature","geometry":{"type":"Point","coordinates":[-73.97021,40.7641198]},"properties":{"name":"41 East 60th Street","address":"41 East 60th Street Upper East Side  Manhattan  --","asset_class":"Office"}},{"type":"Feature","geometry":{"type":"Point","coordinates":[-73.9663636,40.7549974]},"properties":{"name":"343-45 East 51st Street","address":"343-45 East 51st Street Midtown East Manhattan  --","asset_class":"Multifamily - Elevator"}},{"type":"Feature","geometry":{"type":"Point","coordinates":[-73.9696374,40.7664984]},"properties":{"name":"718 Madison Avenue","address":"718 Madison Avenue  Upper East Side Manhattan  --","asset_class":"Retail, User"}},{"type":"Feature","geometry":{"type":"Point","coordinates":[-73.9882477,40.7649675]},"properties":{"name":"401-05 West 52nd Street","address":"401-05 West 52nd Street Midtown West Manhattan  --","asset_class":"Multifamily - Walk-Up"}},{"type":"Feature","geometry":{"type":"Point","coordinates":[-73.9707208,40.7539901]},"properties":{"name":"224-26 East 48th Street","address":"224-26 East 48th Street Midtown East Manhattan  --","asset_class":"Multifamily - Elevator"}},{"type":"Feature","geometry":{"type":"Point","coordinates":[-73.9700847,40.7644003]},"properties":{"name":"34 East 61st Street","address":"34 East 61st Street Upper East Side  Manhattan  --","asset_class":"Multifamily - Walk-Up, User"}},{"type":"Feature","geometry":{"type":"Point","coordinates":[-73.9699929,40.7643872]},"properties":{"name":"36 East 61st Street","address":"36 East 61st Street  Upper East Side  Manhattan  --","asset_class":"Commercial, Retail, User"}},{"type":"Feature","geometry":{"type":"Point","coordinates":[-87.6284325,41.8731474]},"properties":{"name":"711 South Plymouth Court","address":"711 South Plymouth Court Chicago IL","asset_class":"Parking Garage"}},{"type":"Feature","geometry":{"type":"Point","coordinates":[-71.0615574,42.3515719]},"properties":{"name":"40 Beach Street","address":"40 Beach Street Boston MA","asset_class":"Parking Garage"}},{"type":"Feature","geometry":{"type":"Point","coordinates":[-83.0473548,42.3359239]},"properties":{"name":"1426 Broadway","address":"1426 Broadway  Detroit MI","asset_class":"Parking Garage"}},{"type":"Feature","geometry":{"type":"Point","coordinates":[-75.1700193,39.9506573]},"properties":{"name":"1728 Samson Street","address":"1728 Samson Street Philadelphia PA","asset_class":"Parking Garage"}},{"type":"Feature","geometry":{"type":"Point","coordinates":[-75.1639777,39.9466893]},"properties":{"name":"1326 Spruce Street","address":"1326 Spruce Street Philadelphia PA","asset_class":"Parking Garage"}},{"type":"Feature","geometry":{"type":"Point","coordinates":[-73.9653479,40.7596513]},"properties":{"name":"1087 Second Avenue","address":"1087 Second Avenue  Midtown East Manhattan","asset_class":"Multifamily - Walk-Up"}},{"type":"Feature","geometry":{"type":"Point","coordinates":[-73.9664926,40.7640911]},"properties":{"name":"803 Lexington Avenue","address":"803 Lexington Avenue Upper East Side  Manhattan  --","asset_class":"Mixed-Use"}},{"type":"Feature","geometry":{"type":"Point","coordinates":[-73.9708185,40.7597214]},"properties":{"name":"124 East 55th Street","address":"124 East 55th Street  Midtown East Manhattan  --","asset_class":"Office, User"}},{"type":"Feature","geometry":{"type":"Point","coordinates":[-73.9654146,40.7645297]},"properties":{"name":"159 East 63rd Street","address":"159 East 63rd Street Upper East Side Manhattan  --","asset_class":"Multifamily - Walk-Up"}},{"type":"Feature","geometry":{"type":"Point","coordinates":[-73.9927769,40.7624234]},"properties":{"name":"456 West 47th Street","address":"456 West 47th Street Midtown West  Manhattan  --","asset_class":"Multifamily - Walk-Up"}},{"type":"Feature","geometry":{"type":"Point","coordinates":[-73.9632303,40.7756853]},"properties":{"name":"22 East 78th Street","address":"22 East 78th Street Upper East Side Manhattan  --","asset_class":"Multifamily - Walk-Up"}},{"type":"Feature","geometry":{"type":"Point","coordinates":[-73.953424,40.7718942]},"properties":{"name":"1495-97 First Avenue","address":"1495-97 First Avenue  Upper East Side Manhattan  --","asset_class":"Multifamily - Walk-Up"}},{"type":"Feature","geometry":{"type":"Point","coordinates":[-73.960573,40.7677899]},"properties":{"name":"218 East 70th Street","address":"218 East 70th Street Upper East Side Manhattan  --","asset_class":"Multifamily - Walk-Up"}},{"type":"Feature","geometry":{"type":"Point","coordinates":[-73.9777644,40.7797261]},"properties":{"name":"103 West 75th Street","address":"103 West 75th Street  Upper West Side Manhattan  --","asset_class":"Multifamily - Walk-Up"}},{"type":"Feature","geometry":{"type":"Point","coordinates":[-73.9653943,40.7613072]},"properties":{"name":"225 East 59th Street","address":"225 East 59th Street Upper East Side Manhattan  --","asset_class":"Retail, User"}},{"type":"Feature","geometry":{"type":"Point","coordinates":[-73.9719094,40.7618139]},"properties":{"name":"38 East 57th Street","address":"38 East 57th Street  Midtown East Manhattan","asset_class":"Office"}},{"type":"Feature","geometry":{"type":"Point","coordinates":[-73.9662756,40.7584068]},"properties":{"name":"1053 Second Avenue","address":"1053 Second Avenue  Upper East Side Manhattan  --","asset_class":"Multifamily - Walk-Up"}},{"type":"Feature","geometry":{"type":"Point","coordinates":[-73.9505625,40.7767052]},"properties":{"name":"341 East 85th Street","address":"341 East 85th Street  Upper East Side Manhattan  --","asset_class":"Multifamily - Walk-Up"}},{"type":"Feature","geometry":{"type":"Point","coordinates":[-71.0592071,42.3626225]},"properties":{"name":"50 Sudbury Street","address":"50 Sudbury Street Boston MA","asset_class":"Parking, Leasehold"}},{"type":"Feature","geometry":{"type":"Point","coordinates":[-73.96398,40.7700287]},"properties":{"name":"106 East 71st Street","address":"106 East 71st Street Upper East Side Manhattan  --","asset_class":"Hospital"}},{"type":"Feature","geometry":{"type":"Point","coordinates":[-73.962008,40.7777833]},"properties":{"name":"14 East 81st Street","address":"14 East 81st Street  Upper East Side Manhattan  --","asset_class":"Townhouse"}},{"type":"Feature","geometry":{"type":"Point","coordinates":[-73.9654347,40.7604699]},"properties":{"name":"235 East 58th Street","address":"235 East 58th Street Midtown East Manhattan  --","asset_class":"Retail"}},{"type":"Feature","geometry":{"type":"Point","coordinates":[-73.9624806,40.7749553]},"properties":{"name":"55 East 77th Street","address":"55 East 77th Street Upper East Side Manhattan  --","asset_class":"Multifamily - Walk-up, User"}},{"type":"Feature","geometry":{"type":"Point","coordinates":[-73.9679492,40.7689332]},"properties":{"name":"21 East 67th Street","address":"21 East 67th Street  Upper East Side Manhattan  --","asset_class":"Commercial, User"}},{"type":"Feature","geometry":{"type":"Point","coordinates":[-73.9644509,40.7632975]},"properties":{"name":"211 East 62nd Street","address":"211 East 62nd Street Upper East Side Manhattan  --","asset_class":"Multifamily - Walk-Up"}},{"type":"Feature","geometry":{"type":"Point","coordinates":[-73.9645174,40.76296]},"properties":{"name":"216 East 62nd Street","address":"216 East 62nd Street  Upper East Side Manhattan  --","asset_class":"Townhouse"}},{"type":"Feature","geometry":{"type":"Point","coordinates":[-73.9673837,40.7645392]},"properties":{"name":"127 East 62nd Street","address":"127 East 62nd Street  Upper East Side Manhattan  --","asset_class":"Townhouse"}},{"type":"Feature","geometry":{"type":"Point","coordinates":[-73.9660531,40.7564879]},"properties":{"name":"321 East 53rd Street","address":"321 East 53rd Street Midtown East Manhattan  --","asset_class":"Multifamily - Walk-Up"}},{"type":"Feature","geometry":{"type":"Point","coordinates":[-73.9863868,40.7602153]},"properties":{"name":"253-255 West 47th Street","address":"253-255 West 47th Street Midtown West Manhattan","asset_class":"Development"}},{"type":"Feature","geometry":{"type":"Point","coordinates":[-73.966589,40.756765]},"properties":{"name":"303-305 East 53rd Street","address":"303-305 East 53rd Street Midtown East Manhattan  --","asset_class":"Mixed-Use"}},{"type":"Feature","geometry":{"type":"Point","coordinates":[-73.9664005,40.7712056]},"properties":{"name":"18 East 71st Street","address":"18 East 71st Street Upper East Side  Manhattan","asset_class":"School"}},{"type":"Feature","geometry":{"type":"Point","coordinates":[-73.9583875,40.7703476]},"properties":{"name":"236 East 74th Street","address":"236 East 74th Street  Upper East Side Manhattan  --","asset_class":"Multifamily - Walk-Up"}},{"type":"Feature","geometry":{"type":"Point","coordinates":[-73.9665003,40.7629476]},"properties":{"name":"162 East 61st Street","address":"162 East 61st Street Upper East Side Manhattan  --","asset_class":"Multifamily - Walk-Up"}},{"type":"Feature","geometry":{"type":"Point","coordinates":[-73.9669576,40.7539933]},"properties":{"name":"348 East 50th Street","address":"348 East 50th Street  Midtown East Manhattan  --","asset_class":"Multifamily - Walk-Up"}},{"type":"Feature","geometry":{"type":"Point","coordinates":[-73.9660251,40.766034]},"properties":{"name":"128 East 65th Street","address":"128 East 65th Street Upper East Side  Manhattan  --","asset_class":"Multifamily - Elevator"}},{"type":"Feature","geometry":{"type":"Point","coordinates":[-73.9843933,40.7324776]},"properties":{"name":"236 Second Avenue","address":"236 Second Avenue  East Village Manhattan  --","asset_class":"Mixed-Use"}},{"type":"Feature","geometry":{"type":"Point","coordinates":[-73.9499236,40.7725313]},"properties":{"name":"1521-23 York Avenue","address":"1521-23 York Avenue  Upper East Side  Manhattan  --","asset_class":"Mixed-Use"}},{"type":"Feature","geometry":{"type":"Point","coordinates":[-73.961982,40.7769675]},"properties":{"name":"26 East 80th Street","address":"26 East 80th Street Upper East Side  Manhattan  --","asset_class":"Mixed-Use"}},{"type":"Feature","geometry":{"type":"Point","coordinates":[-73.9726488,40.7604324]},"properties":{"name":"64 East 55th Street","address":"64 East 55th Street Midtown East Manhattan  --","asset_class":"Mixed-Use"}},{"type":"Feature","geometry":{"type":"Point","coordinates":[-73.9670394,40.7652598]},"properties":{"name":"107 East 63rd Street","address":"107 East 63rd Street Upper East Side  Manhattan  --","asset_class":"Townhouse"}},{"type":"Feature","geometry":{"type":"Point","coordinates":[-73.9660284,40.7639953]},"properties":{"name":"155 East 62nd Street","address":"155 East 62nd Street Upper East Side  Manhattan  --","asset_class":"Townhouse, User"}},{"type":"Feature","geometry":{"type":"Point","coordinates":[-73.9686348,40.7568069]},"properties":{"name":"223-233 East 52nd Street","address":"223-233 East 52nd Street Midtown East Manhattan  --","asset_class":"Development, User"}},{"type":"Feature","geometry":{"type":"Point","coordinates":[-73.9673837,40.7645392]},"properties":{"name":"127 East 62nd Street","address":"127 East 62nd Street  Upper East Side  Manhattan  --","asset_class":"Townhouse"}},{"type":"Feature","geometry":{"type":"Point","coordinates":[-73.981416,40.7782066]},"properties":{"name":"170-72 West 72nd Street","address":"170-72 West 72nd Street Upper West Side Manhattan  --","asset_class":"Retail"}},{"type":"Feature","geometry":{"type":"Point","coordinates":[-73.9648337,40.7627443]},"properties":{"name":"211 East 61st Street","address":"211 East 61st Street Upper East Side  Manhattan  --","asset_class":"Townhouse"}},{"type":"Feature","geometry":{"type":"Point","coordinates":[-73.9640714,40.7627779]},"properties":{"name":"230 East 62nd Street","address":"230 East 62nd Street Upper East Side  Manhattan","asset_class":"Townhouse"}},{"type":"Feature","geometry":{"type":"Point","coordinates":[-73.972679,40.7604484]},"properties":{"name":"62 East 55th Street","address":"62 East 55th Street Midtown East Manhattan  --","asset_class":"Commercial"}},{"type":"Feature","geometry":{"type":"Point","coordinates":[-73.967354,40.7703119]},"properties":{"name":"7 East 69th Street","address":"7 East 69th Street Upper East Side  Manhattan  --","asset_class":"Townhouse"}},{"type":"Feature","geometry":{"type":"Point","coordinates":[-73.9682186,40.7566327]},"properties":{"name":"241 East 52nd Street","address":"241 East 52nd Street Midtown East Manhattan","asset_class":"Townhouse"}},{"type":"Feature","geometry":{"type":"Point","coordinates":[-73.9672322,40.7545613]},"properties":{"name":"329 East 50th Street","address":"329 East 50th Street  Midtown East Manhattan  --","asset_class":"Multifamily - Walk-Up"}},{"type":"Feature","geometry":{"type":"Point","coordinates":[-73.9652302,40.7568825]},"properties":{"name":"335 East 54th Street","address":"335 East 54th Street Midtown East Manhattan  --","asset_class":"Multifamily - Walk-Up"}},{"type":"Feature","geometry":{"type":"Point","coordinates":[-73.9817461,40.7499446]},"properties":{"name":"238 Madison Avenue","address":"238 Madison Avenue  Upper East Side  Manhattan  --","asset_class":"Retail"}},{"type":"Feature","geometry":{"type":"Point","coordinates":[-73.9654347,40.7604699]},"properties":{"name":"235 East 58th Street","address":"235 East 58th Street Midtown East Manhattan  --","asset_class":"Retail, User"}},{"type":"Feature","geometry":{"type":"Point","coordinates":[-73.9582934,40.7702983]},"properties":{"name":"240 East 74th Street","address":"240 East 74th Street  Upper East Side Manhattan","asset_class":"Multifamily - Walk-Up"}},{"type":"Feature","geometry":{"type":"Point","coordinates":[-73.965108,40.758601]},"properties":{"name":"307 East 56th Street","address":"307 East 56th Street Midtown East Manhattan  --","asset_class":"Multifamily - Walk-Up, User"}},{"type":"Feature","geometry":{"type":"Point","coordinates":[-73.9681719,40.7640588]},"properties":{"name":"113 East 61st Street","address":"113 East 61st Street Upper East Side  Manhattan  --","asset_class":"Office"}},{"type":"Feature","geometry":{"type":"Point","coordinates":[-73.9676325,40.7642601]},"properties":{"name":"124 East 62nd Street","address":"124 East 62nd Street Upper East Side  Manhattan  --","asset_class":"Townhouse"}},{"type":"Feature","geometry":{"type":"Point","coordinates":[-73.9831386,40.7414832]},"properties":{"name":"83 Lexington Avenue","address":"83 Lexington Avenue  Kips Bay Manhattan  --","asset_class":"Mixed-Use"}},{"type":"Feature","geometry":{"type":"Point","coordinates":[-73.959916,40.7732374]},"properties":{"name":"1087 Lexington Avenue","address":"1087 Lexington Avenue  Upper East Side  Manhattan  --","asset_class":"Mixed-Use"}},{"type":"Feature","geometry":{"type":"Point","coordinates":[-73.9653779,40.7599986]},"properties":{"name":"246 East 58th Street","address":"246 East 58th Street Midtown East Manhattan  --","asset_class":"Mixed-Use, User"}},{"type":"Feature","geometry":{"type":"Point","coordinates":[-73.9708924,40.7601426]},"properties":{"name":"113-115 East 55th Street","address":"113-115 East 55th Street Midtown East Manhattan  --","asset_class":"Office, User"}},{"type":"Feature","geometry":{"type":"Point","coordinates":[-73.9629004,40.7691295]},"properties":{"name":"963 Lexington Avenue","address":"963 Lexington Avenue  Upper East Side  Manhattan  --","asset_class":"Mixed-Use"}},{"type":"Feature","geometry":{"type":"Point","coordinates":[-73.973481,40.753447]},"properties":{"name":"154-156 East 46th Street","address":"154-156 East 46th Street  Midtown East Manhattan  --","asset_class":"Office, User"}},{"type":"Feature","geometry":{"type":"Point","coordinates":[-73.9565666,40.7850906]},"properties":{"name":"17 East 92nd Street","address":"17 East 92nd Street Upper East Side  Manhattan  --","asset_class":"Townhouse"}},{"type":"Feature","geometry":{"type":"Point","coordinates":[-73.9649589,40.7619009]},"properties":{"name":"223 East 60th Street","address":"223 East 60th Street Upper East Side  Manhattan  --","asset_class":"Commercial, Retail, User"}},{"type":"Feature","geometry":{"type":"Point","coordinates":[-73.9754519,40.7484909]},"properties":{"name":"204-206 East 39th Street","address":"204-206 East 39th Street  Midtown East Manhattan  --","asset_class":"Office, User"}},{"type":"Feature","geometry":{"type":"Point","coordinates":[-74.0002176,40.7299814]},"properties":{"name":"126 MacDougal Street","address":"126 MacDougal Street  West Village  Manhattan  --","asset_class":"Multifamily - Walk-Up"}},{"type":"Feature","geometry":{"type":"Point","coordinates":[-73.9671667,40.7644969]},"properties":{"name":"133 East 62nd Street","address":"133 East 62nd Street Upper East Side  Manhattan  --","asset_class":"Townhouse"}},{"type":"Feature","geometry":{"type":"Point","coordinates":[-73.9686286,40.7555378]},"properties":{"name":"250 East 51st Street","address":"250 East 51st Street Midtown East Manhattan  --","asset_class":"Mixed-Use"}},{"type":"Feature","geometry":{"type":"Point","coordinates":[-73.967102,40.7644377]},"properties":{"name":"135 East 62nd Street","address":"135 East 62nd Street Upper East Side  Manhattan  --","asset_class":"Commercial"}},{"type":"Feature","geometry":{"type":"Point","coordinates":[-73.9707136,40.7547781]},"properties":{"name":"214 East 49th Street","address":"214 East 49th Street  Midtown East Manhattan  --","asset_class":"Office, User"}},{"type":"Feature","geometry":{"type":"Point","coordinates":[-73.9571233,40.7680878]},"properties":{"name":"344 East 72nd Street","address":"344 East 72nd Street  Upper East Side  Manhattan  --","asset_class":"Multifamily - Walk-Up"}},{"type":"Feature","geometry":{"type":"Point","coordinates":[-73.9664755,40.7715622]},"properties":{"name":"9 East 71st Street","address":"9 East 71st Street Upper East Side  Manhattan  --","asset_class":"School, User"}},{"type":"Feature","geometry":{"type":"Point","coordinates":[-73.9681063,40.7573841]},"properties":{"name":"229 East 53rd Street","address":"229 East 53rd Street Midtown East Manhattan  --","asset_class":"Multifamily - Walk-Up"}},{"type":"Feature","geometry":{"type":"Point","coordinates":[-73.961398,40.762071]},"properties":{"name":"341-343 East 62nd Street","address":"341-343 East 62nd Street  Upper East Side  Manhattan  --","asset_class":"Development"}},{"type":"Feature","geometry":{"type":"Point","coordinates":[-73.9655285,40.7554692]},"properties":{"name":"351 East 52nd Street","address":"351 East 52nd Street Midtown East Manhattan  --","asset_class":"Multifamily - Walk-Up, User"}},{"type":"Feature","geometry":{"type":"Point","coordinates":[-73.9812159,40.7666602]},"properties":{"name":"232 West 58th Street","address":"232 West 58th Street Midtown West Manhattan  --","asset_class":"Retail"}},{"type":"Feature","geometry":{"type":"Point","coordinates":[-73.9693209,40.765408]},"properties":{"name":"35-37 East 62nd Street","address":"35-37 East 62nd Street  Upper East Side  Manhattan  --","asset_class":"School, User"}},{"type":"Feature","geometry":{"type":"Point","coordinates":[-73.967522,40.7571802]},"properties":{"name":"247 East 53rd Street","address":"247 East 53rd Street Midtown East Manhattan","asset_class":"School, User"}},{"type":"Feature","geometry":{"type":"Point","coordinates":[-73.9653479,40.7596513]},"properties":{"name":"1087 Second Avenue","address":"1087 Second Avenue Midtown East Manhattan  --","asset_class":"Mixed-Use, User"}},{"type":"Feature","geometry":{"type":"Point","coordinates":[-73.9674307,40.7645677]},"properties":{"name":"125 East 62nd Street","address":"125 East 62nd Street  Upper East Side  Manhattan","asset_class":"Multifamily - Walk-Up"}},{"type":"Feature","geometry":{"type":"Point","coordinates":[-73.967834,40.766379]},"properties":{"name":"59 East 64th Street","address":"59 East 64th Street Upper East Side Manhattan","asset_class":"Townhouse"}},{"type":"Feature","geometry":{"type":"Point","coordinates":[-73.9754106,40.7624935]},"properties":{"name":"10 West 56th Street","address":"10 West 56th Street Midtown West Manhattan  --","asset_class":"Office, User"}},{"type":"Feature","geometry":{"type":"Point","coordinates":[-73.9683148,40.7570458]},"properties":{"name":"230 East 53rd Street","address":"230 East 53rd Street  Midtown East Manhattan","asset_class":"Mixed-Use"}},{"type":"Feature","geometry":{"type":"Point","coordinates":[-73.9692582,40.7591675]},"properties":{"name":"152 East 55th Street","address":"152 East 55th Street Midtown East Manhattan  --","asset_class":"Office, User"}},{"type":"Feature","geometry":{"type":"Point","coordinates":[-73.9684112,40.7658116]},"properties":{"name":"47 East 63rd Street","address":"47 East 63rd Street Upper East Side  Manhattan","asset_class":"Townhouse"}},{"type":"Feature","geometry":{"type":"Point","coordinates":[-73.9822881,40.7411959]},"properties":{"name":"151 East 26th Street","address":"151 East 26th Street Kips Bay Manhattan","asset_class":"Multifamily - Elevator"}},{"type":"Feature","geometry":{"type":"Point","coordinates":[-73.9673454,40.7639502]},"properties":{"name":"794 Lexington Avenue","address":"794 Lexington Avenue Upper East Side  Manhattan  --","asset_class":"NNN Lease, User"}},{"type":"Feature","geometry":{"type":"Point","coordinates":[-73.9671802,40.7545243]},"properties":{"name":"331 East 50th Street","address":"331 East 50th Street Midtown East Manhattan","asset_class":"Multifamily - Walk-Up"}},{"type":"Feature","geometry":{"type":"Point","coordinates":[-73.9707611,40.7601268]},"properties":{"name":"117 East 55th Street","address":"117 East 55th Street Midtown East Manhattan","asset_class":"Office, User"}},{"type":"Feature","geometry":{"type":"Point","coordinates":[-73.9619506,40.7710336]},"properties":{"name":"1020 Lexington Avenue","address":"1020 Lexington Avenue  Upper East Side  Manhattan","asset_class":"Mixed-Use"}},{"type":"Feature","geometry":{"type":"Point","coordinates":[-73.9636474,40.762599]},"properties":{"name":"244 East 62nd Street","address":"244 East 62nd Street Upper East Side  Manhattan","asset_class":"Townhouse"}},{"type":"Feature","geometry":{"type":"Point","coordinates":[-73.9668708,40.76842]},"properties":{"name":"41 East 67th Street","address":"41 East 67th Street Upper East Side  Manhattan","asset_class":"Multifamily - Walk-Up, User"}},{"type":"Feature","geometry":{"type":"Point","coordinates":[-73.9652909,40.7555229]},"properties":{"name":"953 First Avenue","address":"953 First Avenue Upper East Side  Manhattan","asset_class":"Mixed-Use"}},{"type":"Feature","geometry":{"type":"Point","coordinates":[-73.9591464,40.7623698]},"properties":{"name":"406 East 64th Street","address":"406 East 64th Street Upper East Side Manhattan","asset_class":"Multifamily - Walk-Up"}},{"type":"Feature","geometry":{"type":"Point","coordinates":[-73.9923001,40.7260551]},"properties":{"name":"334-36 Bowery","address":"334-36 Bowery NoHo Manhattan","asset_class":"Multifamily - Elevator"}},{"type":"Feature","geometry":{"type":"Point","coordinates":[-73.9633739,40.7615277]},"properties":{"name":"1152 Second Avenue","address":"1152 Second Avenue  Upper East Side  Manhattan  --","asset_class":"Multifamily - Walk-Up, User"}},{"type":"Feature","geometry":{"type":"Point","coordinates":[-73.9696597,40.7643614]},"properties":{"name":"46 East 61st Street","address":"46 East 61st Street Upper East Side  Manhattan  --","asset_class":"Office, User"}},{"type":"Feature","geometry":{"type":"Point","coordinates":[-73.9655988,40.765352]},"properties":{"name":"841 Lexington Avenue","address":"841 Lexington Avenue  Upper East Side  Manhattan","asset_class":"Mixed-Use"}},{"type":"Feature","geometry":{"type":"Point","coordinates":[-73.9897635,40.760775]},"properties":{"name":"353 West 46th Street","address":"353 West 46th Street  Midtown West Manhattan  --","asset_class":"Office, User"}},{"type":"Feature","geometry":{"type":"Point","coordinates":[-73.9685113,40.7593434]},"properties":{"name":"920 Third Avenue","address":"920 Third Avenue Midtown East Manhattan","asset_class":"Mixed-Use"}},{"type":"Feature","geometry":{"type":"Point","coordinates":[-73.9653202,40.7599523]},"properties":{"name":"248 East 58th Street","address":"248 East 58th Street  Midtown East Manhattan","asset_class":"Mixed-Use"}},{"type":"Feature","geometry":{"type":"Point","coordinates":[-73.9850671,40.7459899]},"properties":{"name":"18 East 31st Street","address":"18 East 31st Street Murray Hill Manhattan  --","asset_class":"Commercial, User"}},{"type":"Feature","geometry":{"type":"Point","coordinates":[-73.9635413,40.7600879]},"properties":{"name":"316 East 59th Street","address":"316 East 59th Street  Upper East Side  Manhattan  --","asset_class":"Industrial, User"}},{"type":"Feature","geometry":{"type":"Point","coordinates":[-73.9919938,40.7472437]},"properties":{"name":"142-44 West 29th Street","address":"142-44 West 29th Street Chelsea Manhattan","asset_class":"Development"}},{"type":"Feature","geometry":{"type":"Point","coordinates":[-73.967874,40.7563642]},"properties":{"name":"985 Second Avenue","address":"985 Second Avenue  Midtown East Manhattan","asset_class":"Mixed-Use, Multifamily - Walk-Up"}},{"type":"Feature","geometry":{"type":"Point","coordinates":[-73.9858272,40.750399]},"properties":{"name":"52-56 West 36th Street","address":"52-56 West 36th Street  Midtown West Manhattan","asset_class":"Development, Garage"}},{"type":"Feature","geometry":{"type":"Point","coordinates":[-73.9841791,40.7496167]},"properties":{"name":"384 Fifth Avenue","address":"384 Fifth Avenue NoMad Manhattan","asset_class":"Mixed-Use, Office, User"}},{"type":"Feature","geometry":{"type":"Point","coordinates":[-73.9735287,40.753515]},"properties":{"name":"152 East 46th Street","address":"152 East 46th Street Midtown East Manhattan","asset_class":"Mixed-Use"}},{"type":"Feature","geometry":{"type":"Point","coordinates":[-73.9621836,40.7582987]},"properties":{"name":"415 East 57th Street","address":"415 East 57th Street  Midtown East Manhattan","asset_class":"Multifamily - Elevator"}},{"type":"Feature","geometry":{"type":"Point","coordinates":[-73.97734,40.778273]},"properties":{"name":"48-50 West 74th Street","address":"48-50 West 74th Street  Upper West Side  Manhattan  --","asset_class":"Hospital, User"}},{"type":"Feature","geometry":{"type":"Point","coordinates":[-73.9657779,40.7607359]},"properties":{"name":"221 East 58th Street","address":"221 East 58th Street  Midtown East Manhattan","asset_class":"Multifamily - Walk-Up"}},{"type":"Feature","geometry":{"type":"Point","coordinates":[-73.9662756,40.7584068]},"properties":{"name":"1053 Second Avenue","address":"1053 Second Avenue  Upper East Side Manhattan  --","asset_class":"Mixed-Use, User"}},{"type":"Feature","geometry":{"type":"Point","coordinates":[-73.96044,40.7607943]},"properties":{"name":"405 East 61st Street","address":"405 East 61st Street  Upper East Side Manhattan","asset_class":"Multifamily - Walk-Up"}},{"type":"Feature","geometry":{"type":"Point","coordinates":[-73.95161,40.777147]},"properties":{"name":"307 East 85th Street","address":"307 East 85th Street Upper East Side Manhattan","asset_class":"Multifamily - Walk-Up"}},{"type":"Feature","geometry":{"type":"Point","coordinates":[-73.9866369,40.7382387]},"properties":{"name":"11 Gramercy Park","address":"11 Gramercy Park Gramercy Manhattan","asset_class":"Multifamily - Walk-Up"}},{"type":"Feature","geometry":{"type":"Point","coordinates":[-73.9632745,40.776528]},"properties":{"name":"2 1/2 - 4 East 79th Street","address":"2 1/2 - 4 East 79th Street  Upper East Side  Manhattan 4 East 79th Street (6-story office 1393-67), 2 1/2 East 79th Street (vacant, 1393-68)","asset_class":"Development"}},{"type":"Feature","geometry":{"type":"Point","coordinates":[-73.9127918,40.8761861]},"properties":{"name":"130 Terrace View Avenue","address":"130 Terrace View Avenue Marble Hill Bronx","asset_class":"Multifamily - Walk-Up"}},{"type":"Feature","geometry":{"type":"Point","coordinates":[-73.9703471,40.7658385]},"properties":{"name":"19 East 62nd Street","address":"19 East 62nd Street  Upper East Side  Manhattan  --","asset_class":"Office, User"}},{"type":"Feature","geometry":{"type":"Point","coordinates":[-73.9878503,40.7288305]},"properties":{"name":"133 Second Avenue","address":"133 Second Avenue  East Village  Manhattan","asset_class":"Retail"}},{"type":"Feature","geometry":{"type":"Point","coordinates":[-73.9722048,40.7557855]},"properties":{"name":"143 East 49th Street","address":"143 East 49th Street  Midtown East Manhattan","asset_class":"Retail"}},{"type":"Feature","geometry":{"type":"Point","coordinates":[-73.9594507,40.7580672]},"properties":{"name":"6 Riverview Terrace","address":"6 Riverview Terrace Sutton Place Manhattan","asset_class":"Townhouse"}},{"type":"Feature","geometry":{"type":"Point","coordinates":[-73.949401,40.780776]},"properties":{"name":"1742 Second Avenue","address":"1742 Second Avenue  Upper East Side Manhattan","asset_class":"Multifamily - Walk-Up"}},{"type":"Feature","geometry":{"type":"Point","coordinates":[-73.9637374,40.7721898]},"properties":{"name":"59 East 73rd Street","address":"59 East 73rd Street  Upper East Side  Manhattan","asset_class":"Multifamily - Walk-Up"}},{"type":"Feature","geometry":{"type":"Point","coordinates":[-73.952581,40.767508]},"properties":{"name":"503-05 East 73rd Street","address":"503-05 East 73rd Street Upper East Side Manhattan","asset_class":"Multifamily - Walk-Up"}},{"type":"Feature","geometry":{"type":"Point","coordinates":[-73.9939001,40.7229613]},"properties":{"name":"228 Elizabeth Street","address":"228 Elizabeth Street SoHo Manhattan","asset_class":"Multifamily - Walk-Up"}},{"type":"Feature","geometry":{"type":"Point","coordinates":[-73.9761976,40.7459138]},"properties":{"name":"235 East 35th Street","address":"235 East 35th Street  Murray Hill Manhattan","asset_class":"Mixed-Use"}},{"type":"Feature","geometry":{"type":"Point","coordinates":[-73.9581674,40.7723115]},"properties":{"name":"205 East 76th Street","address":"205 East 76th Street  Upper East Side Manhattan","asset_class":"Development, Multifamily - Elevator"}},{"type":"Feature","geometry":{"type":"Point","coordinates":[-73.9874373,40.7618124]},"properties":{"name":"308-310 West 49th Street","address":"308-310 West 49th Street  Midtown West Manhattan","asset_class":"Multifamily - Walk-Up"}},{"type":"Feature","geometry":{"type":"Point","coordinates":[-73.9708879,40.7544178]},"properties":{"name":"211 East 48th Street","address":"211 East 48th Street  Midtown East Manhattan","asset_class":"NNN Lease"}},{"type":"Feature","geometry":{"type":"Point","coordinates":[-73.9709409,40.7544456]},"properties":{"name":"209 East 48th Street","address":"209 East 48th Street  Midtown East Manhattan","asset_class":"NNN Lease"}},{"type":"Feature","geometry":{"type":"Point","coordinates":[-73.979167,40.748905]},"properties":{"name":"107 East 37th Street","address":"107 East 37th Street Murray Hill Manhattan","asset_class":"Multifamily - Elevator"}},{"type":"Feature","geometry":{"type":"Point","coordinates":[-73.9731887,40.7841749]},"properties":{"name":"68 West 83rd Street","address":"68 West 83rd Street Upper West Side Manhattan","asset_class":"Multifamily - Walk-Up"}},{"type":"Feature","geometry":{"type":"Point","coordinates":[-73.9559195,40.7860511]},"properties":{"name":"16 East 94th Street","address":"16 East 94th Street  Upper East Side  Manhattan","asset_class":"Multifamily - Elevator"}},{"type":"Feature","geometry":{"type":"Point","coordinates":[-73.9691596,40.7550032]},"properties":{"name":"234, 238, 242 East 50th Street","address":"234, 238, 242 East 50th Street Midtown East Manhattan","asset_class":"Multifamily"}},{"type":"Feature","geometry":{"type":"Point","coordinates":[-73.969215,40.754924]},"properties":{"name":"234-236, 238-240, 242-246 East 50th Street","address":"234-236, 238-240, 242-246 East 50th Street  Midtown East Manhattan 234-236 East 50th Street, 238-40 East 50th Street, 242-246 East 50th Street","asset_class":"Multifamily - Elevator, Multifamily - Walk-Up"}},{"type":"Feature","geometry":{"type":"Point","coordinates":[-73.9628786,40.7687372]},"properties":{"name":"154-56 East 70th Street","address":"154-56 East 70th Street  Upper East Side  Manhattan  --","asset_class":"Office, User"}},{"type":"Feature","geometry":{"type":"Point","coordinates":[-73.9699929,40.7643872]},"properties":{"name":"36 East 61st Street","address":"36 East 61st Street  Upper East Side Manhattan","asset_class":"Office"}},{"type":"Feature","geometry":{"type":"Point","coordinates":[-73.9674557,40.7550651]},"properties":{"name":"312 East 51st Street","address":"312 East 51st Street Midtown East Manhattan","asset_class":"Multifamily - Elevator"}},{"type":"Feature","geometry":{"type":"Point","coordinates":[-73.9630332,40.7611024]},"properties":{"name":"313 East 60th Street","address":"313 East 60th Street Upper East Side Manhattan","asset_class":"Multifamily - Walk-Up"}},{"type":"Feature","geometry":{"type":"Point","coordinates":[-73.9629955,40.761114]},"properties":{"name":"311 East 60th Street","address":"311 East 60th Street Upper East Side Manhattan","asset_class":"Multifamily - Walk-Up"}},{"type":"Feature","geometry":{"type":"Point","coordinates":[-73.9624599,40.768571]},"properties":{"name":"166-170 East 70th Street","address":"166-170 East 70th Street  Upper East Side Manhattan  --","asset_class":"School, User"}},{"type":"Feature","geometry":{"type":"Point","coordinates":[-74.0086353,40.7150391]},"properties":{"name":"118 Chambers Street","address":"118 Chambers Street TriBeCa Manhattan","asset_class":"Retail"}},{"type":"Feature","geometry":{"type":"Point","coordinates":[-73.9671105,40.7685567]},"properties":{"name":"33 East 67th Street","address":"33 East 67th Street  Upper East Side Manhattan","asset_class":"Office"}},{"type":"Feature","geometry":{"type":"Point","coordinates":[-73.982811,40.7428915]},"properties":{"name":"127 East 28th Street","address":"127 East 28th Street Kips Bay Manhattan","asset_class":"Mixed-Use"}},{"type":"Feature","geometry":{"type":"Point","coordinates":[-73.9552919,40.7715292]},"properties":{"name":"320 East 77th Street","address":"320 East 77th Street  Upper East Side Manhattan","asset_class":"Multifamily - Walk-Up"}},{"type":"Feature","geometry":{"type":"Point","coordinates":[-73.9926755,40.770119]},"properties":{"name":"234 West 56th Street","address":"234 West 56th Street Midtown West Manhattan","asset_class":"Office"}},{"type":"Feature","geometry":{"type":"Point","coordinates":[-73.961418,40.7579515]},"properties":{"name":"441 East 57th Street","address":"441 East 57th Street Midtown East Manhattan","asset_class":"Multifamily - Walk-Up"}},{"type":"Feature","geometry":{"type":"Point","coordinates":[-73.9662594,40.7714877]},"properties":{"name":"13 East 71st Street","address":"13 East 71st Street Upper East Side Manhattan","asset_class":"Townhouse"}},{"type":"Feature","geometry":{"type":"Point","coordinates":[-73.9802596,40.7748986]},"properties":{"name":"Easterly Blockfront of Columbus Avenue between 68th and 69th Streets Portfolio","address":"Easterly Blockfront of Columbus Avenue between 68th and 69th Streets Portfolio Upper West Side  Manhattan 181 - 199 Columbus Avenue, 75 West 68th Street(1121-2), 72 (1121-62), 74 (1121-63), 76 West 69th Street (1121-64)","asset_class":"Development"}},{"type":"Feature","geometry":{"type":"Point","coordinates":[-73.9613646,40.7592688]},"properties":{"name":"410 East 59th Street","address":"410 East 59th Street Upper East Side  Manhattan","asset_class":"Multifamily - Walk-Up"}},{"type":"Feature","geometry":{"type":"Point","coordinates":[-73.9996656,40.7431386]},"properties":{"name":"194 Eighth Avenue","address":"194 Eighth Avenue  Chelsea Manhattan","asset_class":"Mixed-Use"}},{"type":"Feature","geometry":{"type":"Point","coordinates":[-73.9703361,40.7661951]},"properties":{"name":"14 East 63rd Street","address":"14 East 63rd Street  Upper East Side  Manhattan","asset_class":"Multifamily - Elevatored"}},{"type":"Feature","geometry":{"type":"Point","coordinates":[-73.9633396,40.7615776]},"properties":{"name":"1154-1156 Second Avenue","address":"1154-1156 Second Avenue  Upper East Side Manhattan 1154 Second Avenue (1435-51)","asset_class":"Mixed-Use, User"}},{"type":"Feature","geometry":{"type":"Point","coordinates":[-73.990563,40.738996]},"properties":{"name":"7 East 19th Street","address":"7 East 19th Street Gramercy  Manhattan","asset_class":"Retail"}},{"type":"Feature","geometry":{"type":"Point","coordinates":[-73.968421,40.765853]},"properties":{"name":"45 East 63rd Street","address":"45 East 63rd Street Upper East Side Manhattan","asset_class":"Townhouse"}},{"type":"Feature","geometry":{"type":"Point","coordinates":[-73.9889159,40.7260751]},"properties":{"name":"91 East 4th Street","address":"91 East 4th Street East Village Manhattan","asset_class":"Retail"}},{"type":"Feature","geometry":{"type":"Point","coordinates":[-73.9915931,40.7467112]},"properties":{"name":"123 West 28th Street","address":"123 West 28th Street Gramercy Manhattan","asset_class":"Retail"}},{"type":"Feature","geometry":{"type":"Point","coordinates":[-73.9971966,40.755687]},"properties":{"name":"439-43 West 36th Street","address":"439-43 West 36th Street  Midtown West Manhattan","asset_class":"Garage"}},{"type":"Feature","geometry":{"type":"Point","coordinates":[-73.9764907,40.7632761]},"properties":{"name":"41 West 56th Street","address":"41 West 56th Street Midtown West Manhattan  --","asset_class":"Office, User"}},{"type":"Feature","geometry":{"type":"Point","coordinates":[-73.8787874,40.7483048]},"properties":{"name":"37-60 88th Street","address":"37-60 88th Street Jackson Heights Queens","asset_class":"Multifamily - Elevator"}},{"type":"Feature","geometry":{"type":"Point","coordinates":[-73.976513,40.745662]},"properties":{"name":"232 East 35th Street","address":"232 East 35th Street Murray Hill Manhattan","asset_class":"Office, User"}},{"type":"Feature","geometry":{"type":"Point","coordinates":[-73.9793205,40.7455331]},"properties":{"name":"157 East 33rd Street","address":"157 East 33rd Street Murray Hill Manhattan","asset_class":"Mixed-Use"}},{"type":"Feature","geometry":{"type":"Point","coordinates":[-73.9551698,40.7865122]},"properties":{"name":"26 East 95th Street","address":"26 East 95th Street Upper East Side  Manhattan  --","asset_class":"Multifamily - Elevator, User"}},{"type":"Feature","geometry":{"type":"Point","coordinates":[-73.9792649,40.7454833]},"properties":{"name":"159 East 33rd Street","address":"159 East 33rd Street Murray Hill Manhattan","asset_class":"Mixed-Use"}},{"type":"Feature","geometry":{"type":"Point","coordinates":[-73.9795748,40.7456142]},"properties":{"name":"149 East 33rd Street","address":"149 East 33rd Street Murray Hill Manhattan","asset_class":"Mixed-Use"}},{"type":"Feature","geometry":{"type":"Point","coordinates":[-73.97921,40.742634]},"properties":{"name":"218 East 30th Street","address":"218 East 30th Street Kips Bay Manhattan","asset_class":"Multifamily - Walk-Up, User"}},{"type":"Feature","geometry":{"type":"Point","coordinates":[-73.9683959,40.7636133]},"properties":{"name":"114 East 61st Street","address":"114 East 61st Street Upper East Side Manhattan","asset_class":"Office"}},{"type":"Feature","geometry":{"type":"Point","coordinates":[-73.9719927,40.7556651]},"properties":{"name":"151 East 49th Street","address":"151 East 49th Street Midtown East Manhattan","asset_class":"Development, Mixed-Use, User"}},{"type":"Feature","geometry":{"type":"Point","coordinates":[-74.002527,40.750501]},"properties":{"name":"299-301 Tenth Avenue","address":"299-301 Tenth Avenue Chelsea Manhattan 301 Tenth Avenue  (699-32)","asset_class":"Multifamily - Walk-Up"}},{"type":"Feature","geometry":{"type":"Point","coordinates":[-73.9792703,40.7427914]},"properties":{"name":"216 East 30th Street","address":"216 East 30th Street Kips Bay Manhattan","asset_class":"Multifamily - Walk-Up"}},{"type":"Feature","geometry":{"type":"Point","coordinates":[-73.9639309,40.773009]},"properties":{"name":"33-35 East 74th Street","address":"33-35 East 74th Street Upper East Side Manhattan  --","asset_class":"Mixed-Use, User"}},{"type":"Feature","geometry":{"type":"Point","coordinates":[-73.9761911,40.7627973]},"properties":{"name":"30-32 West 56th Street","address":"30-32 West 56th Street  Midtown West Manhattan","asset_class":"Office, Retail, User"}},{"type":"Feature","geometry":{"type":"Point","coordinates":[-73.9854656,40.7320414]},"properties":{"name":"219 Second Avenue","address":"219 Second Avenue East Village  Manhattan","asset_class":"Mixed-Use"}},{"type":"Feature","geometry":{"type":"Point","coordinates":[-73.9548791,40.7747732]},"properties":{"name":"234 East 81st Street","address":"234 East 81st Street Upper East Side  Manhattan","asset_class":"Multifamily - Walk-Up"}},{"type":"Feature","geometry":{"type":"Point","coordinates":[-73.9601139,40.7714669]},"properties":{"name":"171 East 74th Street","address":"171 East 74th Street Upper East Side Manhattan","asset_class":"Multifamily - Walk-Up"}},{"type":"Feature","geometry":{"type":"Point","coordinates":[-73.9445822,40.8373525]},"properties":{"name":"65 Fort Washington Avenue","address":"65 Fort Washington Avenue  Washington Heights Northern Manhattan","asset_class":"Multifamily - Elevator"}},{"type":"Feature","geometry":{"type":"Point","coordinates":[-73.9684677,40.7691535]},"properties":{"name":"7 East 67th Street","address":"7 East 67th Street Upper East Side Manhattan","asset_class":"Hospital"}},{"type":"Feature","geometry":{"type":"Point","coordinates":[-73.9581674,40.7723115]},"properties":{"name":"205 East 76th Street","address":"205 East 76th Street  Upper East Side Manhattan","asset_class":"Multifamily - Elevator"}},{"type":"Feature","geometry":{"type":"Point","coordinates":[-73.9594709,40.764037]},"properties":{"name":"348-352 East 66th Street","address":"348-352 East 66th Street Upper East Side Manhattan","asset_class":"Multifamily - Walk-Up"}},{"type":"Feature","geometry":{"type":"Point","coordinates":[-73.9653202,40.7599523]},"properties":{"name":"248 East 58th Street","address":"248 East 58th Street Midtown East Manhattan  --","asset_class":"Mixed-Use, User"}},{"type":"Feature","geometry":{"type":"Point","coordinates":[-73.9804237,40.7474472]},"properties":{"name":"102-06 East 35th Street","address":"102-06 East 35th Street  Murray Hill Manhattan","asset_class":"Multifamily - Elevator"}},{"type":"Feature","geometry":{"type":"Point","coordinates":[-73.9661825,40.7573411]},"properties":{"name":"307-309 East 54th Street","address":"307-309 East 54th Street  Midtown East Manhattan","asset_class":"Commercial, Retail, User"}},{"type":"Feature","geometry":{"type":"Point","coordinates":[-73.9696374,40.7664984]},"properties":{"name":"718 Madison Avenue","address":"718 Madison Avenue  Upper East Side Manhattan  --","asset_class":"Mixed-Use, User"}},{"type":"Feature","geometry":{"type":"Point","coordinates":[-73.9659823,40.7564705]},"properties":{"name":"325 East 53rd Street","address":"325 East 53rd Street Midtown East Manhattan","asset_class":"Multifamily - Walk-Up"}},{"type":"Feature","geometry":{"type":"Point","coordinates":[-73.9822503,40.7411201]},"properties":{"name":"153 East 26th Street","address":"153 East 26th Street  Kips Bay Manhattan","asset_class":"Multifamily - Elevator"}},{"type":"Feature","geometry":{"type":"Point","coordinates":[-73.9675935,40.7551233]},"properties":{"name":"308 East 51st Street","address":"308 East 51st Street Midtown East Manhattan","asset_class":"Multifamily - Elevator"}},{"type":"Feature","geometry":{"type":"Point","coordinates":[-73.9695609,40.7671176]},"properties":{"name":"15 East 64th Street","address":"15 East 64th Street Upper East Side Manhattan","asset_class":"Townhouse"}},{"type":"Feature","geometry":{"type":"Point","coordinates":[-73.993764,40.738028]},"properties":{"name":"The AFB Portfolio","address":"The AFB Portfolio  Chelsea Manhattan 11-15 West 16th Street (818-27), 18 West 17th Street (818-61), 20 West 17th Street (818-63), 22-24 West 17th Street (818-64)","asset_class":"Portfolio, School, User"}},{"type":"Feature","geometry":{"type":"Point","coordinates":[-73.9582934,40.7702983]},"properties":{"name":"240 East 74th Street","address":"240 East 74th Street  Upper East Side Manhattan","asset_class":"Multifamily - Walk-Up"}},{"type":"Feature","geometry":{"type":"Point","coordinates":[-73.969204,40.765358]},"properties":{"name":"39-41 East 62nd Street","address":"39-41 East 62nd Street Upper East Side Manhattan","asset_class":"Office"}},{"type":"Feature","geometry":{"type":"Point","coordinates":[-73.993256,40.756847]},"properties":{"name":"356-358 West 40th Street","address":"356-358 West 40th Street Hudson Yards, Midtown West Manhattan","asset_class":"Office"}},{"type":"Feature","geometry":{"type":"Point","coordinates":[-73.965814,40.7651367]},"properties":{"name":"156 East 64th Street","address":"156 East 64th Street Upper East Side Manhattan","asset_class":"Mixed-Use"}},{"type":"Feature","geometry":{"type":"Point","coordinates":[-73.9721652,40.7603966]},"properties":{"name":"68, 70, 72, 74 East 55th Street","address":"68, 70, 72, 74 East 55th Street  Midtown East Manhattan","asset_class":"Development"}},{"type":"Feature","geometry":{"type":"Point","coordinates":[-73.968383,40.7571743]},"properties":{"name":"226-228 East 53rd Street","address":"226-228 East 53rd Street Midtown East Manhattan","asset_class":"Multifamily - Walk-Up"}},{"type":"Feature","geometry":{"type":"Point","coordinates":[-73.9664832,40.7662006]},"properties":{"name":"114 East 65th Street","address":"114 East 65th Street Upper East Side Manhattan","asset_class":"Multifamily - Walk-Up"}},{"type":"Feature","geometry":{"type":"Point","coordinates":[-73.9780304,40.7426231]},"properties":{"name":"249 East 30th Street","address":"249 East 30th Street Murray Hill Manhattan","asset_class":"Multifamily - Walk-Up"}},{"type":"Feature","geometry":{"type":"Point","coordinates":[-73.9631932,40.7611562]},"properties":{"name":"307 East 60th Street","address":"307 East 60th Street Upper East Side Manhattan  --","asset_class":"Commercial, Retail, User"}},{"type":"Feature","geometry":{"type":"Point","coordinates":[-73.9521869,40.77197]},"properties":{"name":"406-408 East 79th Street","address":"406-408 East 79th Street  Upper East Side Manhattan","asset_class":"Development"}},{"type":"Feature","geometry":{"type":"Point","coordinates":[-73.9631752,40.7697459]},"properties":{"name":"134 East 71st Street","address":"134 East 71st Street Upper East Side Manhattan","asset_class":"Townhouse"}},{"type":"Feature","geometry":{"type":"Point","coordinates":[-73.969517,40.755852]},"properties":{"name":"220 East 51st Street","address":"220 East 51st Street Midtown East Manhattan  --","asset_class":"Office, User"}},{"type":"Feature","geometry":{"type":"Point","coordinates":[-73.9708924,40.7601426]},"properties":{"name":"113 East 55th Street","address":"113 East 55th Street  Midtown East Manhattan  --","asset_class":"Office, User"}},{"type":"Feature","geometry":{"type":"Point","coordinates":[-73.961398,40.762071]},"properties":{"name":"341-343 East 62nd Street","address":"341-343 East 62nd Street  Upper East Side  Manhattan","asset_class":"Development"}},{"type":"Feature","geometry":{"type":"Point","coordinates":[-73.9672284,40.7689468]},"properties":{"name":"807 Madison Avenue","address":"807 Madison Avenue Upper East Side Manhattan","asset_class":"Mixed-Use, User"}},{"type":"Feature","geometry":{"type":"Point","coordinates":[-73.9792758,40.7481002]},"properties":{"name":"119 East 36th Street","address":"119 East 36th Street Murray Hill Manhattan","asset_class":"Religious, User"}},{"type":"Feature","geometry":{"type":"Point","coordinates":[-73.9962569,40.7564209]},"properties":{"name":"436-438 West 38th Street","address":"436-438 West 38th Street Hudson Yards, Midtown West Manhattan 436 West 38th Street (735-59) 438 West 38th Street (735-60)","asset_class":"Development"}},{"type":"Feature","geometry":{"type":"Point","coordinates":[-73.980861,40.767016]},"properties":{"name":"229 West 58th Street","address":"229 West 58th Street Midtown West Manhattan","asset_class":"Office"}},{"type":"Feature","geometry":{"type":"Point","coordinates":[-73.9707161,40.7547085]},"properties":{"name":"212 East 49th Street","address":"212 East 49th Street Midtown East Manhattan  --","asset_class":"Office, User"}},{"type":"Feature","geometry":{"type":"Point","coordinates":[-73.9798112,40.7789225]},"properties":{"name":"143 West 73rd Street","address":"143 West 73rd Street Upper West Side Manhattan","asset_class":"Retail"}},{"type":"Feature","geometry":{"type":"Point","coordinates":[-74.0056228,40.7061192]},"properties":{"name":"156-160 Front Street","address":"156-160 Front Street FiDi Manhattan","asset_class":"Multifamily - Elevator"}},{"type":"Feature","geometry":{"type":"Point","coordinates":[-73.9809792,40.7670042]},"properties":{"name":"231 West 58th Street","address":"231 West 58th Street Midtown West Manhattan","asset_class":"Office"}},{"type":"Feature","geometry":{"type":"Point","coordinates":[-73.9604074,40.7740531]},"properties":{"name":"113 East 77th Street","address":"113 East 77th Street Upper East Side Manhattan","asset_class":"Townhouse, User"}},{"type":"Feature","geometry":{"type":"Point","coordinates":[-73.9720169,40.755781]},"properties":{"name":"145-149 East 49th Street","address":"145-149 East 49th Street Midtown East Manhattan","asset_class":"Multifamily - Elevator"}},{"type":"Feature","geometry":{"type":"Point","coordinates":[-73.9817002,40.7450181]},"properties":{"name":"117 East 31st Street","address":"117 East 31st Street Murray Hill Manhattan  --","asset_class":"Office"}},{"type":"Feature","geometry":{"type":"Point","coordinates":[-73.9596226,40.7580264]},"properties":{"name":"5 Riverview Terrace","address":"5 Riverview Terrace Sutton Place Manhattan","asset_class":"Multifamily - Walk-Up"}},{"type":"Feature","geometry":{"type":"Point","coordinates":[-73.9635716,40.7697906]},"properties":{"name":"122 East 71st Street","address":"122 East 71st Street Upper East Side  Manhattan  --","asset_class":"Multifamily - Walk-Up"}},{"type":"Feature","geometry":{"type":"Point","coordinates":[-73.9740396,40.7532132]},"properties":{"name":"139 East 45th Street","address":"139 East 45th Street Midtown East Manhattan  --","asset_class":"Commercial, Retail"}},{"type":"Feature","geometry":{"type":"Point","coordinates":[-73.951455,40.7666708]},"properties":{"name":"524-28 East 73rd Street","address":"524-28 East 73rd Street Upper East Side Manhattan","asset_class":"Garage"}},{"type":"Feature","geometry":{"type":"Point","coordinates":[-73.9597706,40.7629475]},"properties":{"name":"1181-87 First Avenue","address":"1181-87 First Avenue Upper East Side  Manhattan  --","asset_class":"Development"}},{"type":"Feature","geometry":{"type":"Point","coordinates":[-73.9887353,40.7620266]},"properties":{"name":"351 West 48th Street","address":"351 West 48th Street Midtown West Manhattan  --","asset_class":"Industrial"}},{"type":"Feature","geometry":{"type":"Point","coordinates":[-73.9358442,40.8419689]},"properties":{"name":"2236-38 Amsterdam Avenue","address":"2236-38 Amsterdam Avenue Washington Heights Northern Manhattan  --","asset_class":"Mixed-Use"}},{"type":"Feature","geometry":{"type":"Point","coordinates":[-73.9824452,40.7419678]},"properties":{"name":"137 1/2 East 27th Street","address":"137 1/2 East 27th Street Kips Bay Manhattan  --","asset_class":"Mixed-Use"}},{"type":"Feature","geometry":{"type":"Point","coordinates":[-73.9694351,40.7555054]},"properties":{"name":"231 East 50th Street","address":"231 East 50th Street Midtown East Manhattan  --","asset_class":"Multifamily - Elevator"}},{"type":"Feature","geometry":{"type":"Point","coordinates":[-74.0033299,40.7293471]},"properties":{"name":"30 Downing Street","address":"30 Downing Street West Village Manhattan  --","asset_class":"Multifamily - Walk-Up"}},{"type":"Feature","geometry":{"type":"Point","coordinates":[-73.9777458,40.7565702]},"properties":{"name":"7 East 47th Street","address":"7 East 47th Street  Midtown East Manhattan","asset_class":"Commercial, Retail, User"}},{"type":"Feature","geometry":{"type":"Point","coordinates":[-73.979489,40.7474781]},"properties":{"name":"129 East 35th Street","address":"129 East 35th Street Murray Hill Manhattan  --","asset_class":"Multifamily - Walk-Up"}},{"type":"Feature","geometry":{"type":"Point","coordinates":[-73.96311,40.769619]},"properties":{"name":"138 East 71st Street","address":"138 East 71st Street Upper East Side  Manhattan  --","asset_class":"Mixed-Use"}},{"type":"Feature","geometry":{"type":"Point","coordinates":[-73.968296,40.7685836]},"properties":{"name":"20 East 67th Street","address":"20 East 67th Street Upper East Side  Manhattan  --","asset_class":"Multifamily - Elevator"}},{"type":"Feature","geometry":{"type":"Point","coordinates":[-73.9877427,40.7462871]},"properties":{"name":"22 West 30th Street","address":"22 West 30th Street NoMad Manhattan  --","asset_class":"Commercial, Retail"}},{"type":"Feature","geometry":{"type":"Point","coordinates":[-73.984732,40.7631627]},"properties":{"name":"256 West 52nd Street","address":"256 West 52nd Street Midtown West Manhattan  --","asset_class":"Commercial, Retail, User"}},{"type":"Feature","geometry":{"type":"Point","coordinates":[-73.9777082,40.7762836]},"properties":{"name":"33 West 71st Street","address":"33 West 71st Street Upper West Side  Manhattan  --","asset_class":"Multifamily - Walk-Up"}},{"type":"Feature","geometry":{"type":"Point","coordinates":[-73.9871655,40.7472196]},"properties":{"name":"23 West 31st Street","address":"23 West 31st Street NoMad Manhattan  --","asset_class":"Mixed-Use"}},{"type":"Feature","geometry":{"type":"Point","coordinates":[-73.9704074,40.7542275]},"properties":{"name":"233 East 48th Street","address":"233 East 48th Street Midtown East Manhattan  --","asset_class":"Multifamily - Walk-Up"}},{"type":"Feature","geometry":{"type":"Point","coordinates":[-73.9670029,40.7532084]},"properties":{"name":"871-873 First Avenue","address":"871-873 First Avenue Midtown East Manhattan  --","asset_class":"Multifamily - Elevator, User"}},{"type":"Feature","geometry":{"type":"Point","coordinates":[-73.9606913,40.7617954]},"properties":{"name":"369 East 62nd Street","address":"369 East 62nd Street Upper East Side  Manhattan  --","asset_class":"Mixed-Use"}},{"type":"Feature","geometry":{"type":"Point","coordinates":[-73.9575424,40.7775437]},"properties":{"name":"126 East 83rd Street","address":"126 East 83rd Street Upper East Side  Manhattan  --","asset_class":"Multifamily - Walk-Up"}},{"type":"Feature","geometry":{"type":"Point","coordinates":[-73.9837514,40.7384342]},"properties":{"name":"284 Third Avenue","address":"284 Third Avenue Gramercy  Manhattan  --","asset_class":"Commercial, Retail"}},{"type":"Feature","geometry":{"type":"Point","coordinates":[-73.968223,40.763669]},"properties":{"name":"118 East 61st Street","address":"118 East 61st Street Upper East Side  Manhattan  --","asset_class":"Mixed-Use"}},{"type":"Feature","geometry":{"type":"Point","coordinates":[-74.0003952,40.7450543]},"properties":{"name":"328 West 22nd Street","address":"328 West 22nd Street Chelsea Manhattan  --","asset_class":"Office"}},{"type":"Feature","geometry":{"type":"Point","coordinates":[-73.9692108,40.75425]},"properties":{"name":"254 East 49th Street","address":"254 East 49th Street Midtown East Manhattan  --","asset_class":"Office, User"}},{"type":"Feature","geometry":{"type":"Point","coordinates":[-73.9659531,40.764368]},"properties":{"name":"148 East 63rd Street","address":"148 East 63rd Street Upper East Side  Manhattan  --","asset_class":"Multifamily - Walk-Up"}},{"type":"Feature","geometry":{"type":"Point","coordinates":[-73.9683991,40.7637446]},"properties":{"name":"112 East 61st Street","address":"112 East 61st Street Upper East Side  Manhattan  --","asset_class":"Multifamily - Walk-Up"}},{"type":"Feature","geometry":{"type":"Point","coordinates":[-73.988724,40.7405735]},"properties":{"name":"11 East 22nd Street","address":"11 East 22nd Street Gramercy Manhattan","asset_class":"Office"}},{"type":"Feature","geometry":{"type":"Point","coordinates":[-73.9670934,40.7627361]},"properties":{"name":"153 East 60th Street","address":"153 East 60th Street Upper East Side  Manhattan  --","asset_class":"Office"}},{"type":"Feature","geometry":{"type":"Point","coordinates":[-73.9643534,40.7586226]},"properties":{"name":"328-330 East 57th Street","address":"328-330 East 57th Street Midtown East Manhattan  --","asset_class":"Development"}},{"type":"Feature","geometry":{"type":"Point","coordinates":[-73.9726192,40.7473337]},"properties":{"name":"322 East 39th Street","address":"322 East 39th Street Midtown East Manhattan  --","asset_class":"Commercial"}},{"type":"Feature","geometry":{"type":"Point","coordinates":[-73.9802177,40.7501156]},"properties":{"name":"33 East 38th Street","address":"33 East 38th Street Midtown East Manhattan  --","asset_class":"Multifamily - Elevator"}},{"type":"Feature","geometry":{"type":"Point","coordinates":[-73.9890256,40.7393719]},"properties":{"name":"24-26 East 21st Street","address":"24-26 East 21st Street Flatiron Manhattan  --","asset_class":"Office"}},{"type":"Feature","geometry":{"type":"Point","coordinates":[-73.9601636,40.7744068]},"properties":{"name":"120 East 78th Street","address":"120 East 78th Street Upper East Side  Manhattan  --","asset_class":"Multifamily - Walk-Up"}},{"type":"Feature","geometry":{"type":"Point","coordinates":[-73.96522,40.755724]},"properties":{"name":"957, 959, 961 First Avenue","address":"957, 959, 961 First Avenue Midtown East Manhattan 957 First Avenue (1345-27),959 First Avenue (1345-28), 961 First Avenue (1345-29)","asset_class":"Mixed-Use"}},{"type":"Feature","geometry":{"type":"Point","coordinates":[-73.959706,40.7582656]},"properties":{"name":"33 Sutton Place","address":"33 Sutton Place Midtown East Manhattan  --","asset_class":"Multifamily - Walk-Up"}},{"type":"Feature","geometry":{"type":"Point","coordinates":[-73.9791291,40.7564628]},"properties":{"name":"570 Fifth Avenue","address":"570 Fifth Avenue Midtown West  Manhattan  --","asset_class":"Office"}},{"type":"Feature","geometry":{"type":"Point","coordinates":[-73.978228,40.7467724]},"properties":{"name":"157 East 35th Street","address":"157 East 35th Street Murray Hill Manhattan  --","asset_class":"Multifamily - Walk-Up, User"}},{"type":"Feature","geometry":{"type":"Point","coordinates":[-73.9530068,40.7709599]},"properties":{"name":"403 East 77th Street","address":"403 East 77th Street Upper East Side  Manhattan  --","asset_class":"Multifamily - Walk-Up"}},{"type":"Feature","geometry":{"type":"Point","coordinates":[-73.9586899,40.7719486]},"properties":{"name":"1319 Third Avenue","address":"1319 Third Avenue Upper East Side  Manhattan  --","asset_class":"Mixed-Use"}},{"type":"Feature","geometry":{"type":"Point","coordinates":[-73.9590711,40.7693724]},"properties":{"name":"235 East 72nd Street","address":"235 East 72nd Street Upper East Side Manhattan","asset_class":"Multifamily - Walk-Up"}},{"type":"Feature","geometry":{"type":"Point","coordinates":[-73.9883367,40.7399204]},"properties":{"name":"24 East 22nd Street","address":"24 East 22nd Street Gramercy Manhattan","asset_class":"Office"}},{"type":"Feature","geometry":{"type":"Point","coordinates":[-73.9521869,40.77197]},"properties":{"name":"406-408 East 79th Street","address":"406-408 East 79th Street  Upper East Side  Manhattan  --","asset_class":"Commercial"}},{"type":"Feature","geometry":{"type":"Point","coordinates":[-73.968761,40.7572204]},"properties":{"name":"216 East 53rd Street","address":"216 East 53rd Street Midtown East Manhattan  --","asset_class":"Commercial, Retail"}},{"type":"Feature","geometry":{"type":"Point","coordinates":[-73.9757451,40.7478263]},"properties":{"name":"208-10 East 38th Street","address":"208-10 East 38th Street Murray Hill Manhattan  --","asset_class":"Commercial"}},{"type":"Feature","geometry":{"type":"Point","coordinates":[-73.962538,40.7682689]},"properties":{"name":"161 East 69th Street","address":"161 East 69th Street Upper East Side  Manhattan  --","asset_class":"Townhouse, User"}},{"type":"Feature","geometry":{"type":"Point","coordinates":[-73.977284,40.745986]},"properties":{"name":"206 East 35th Street","address":"206 East 35th Street Murray Hill Manhattan","asset_class":"Multifamily - Walk-Up"}},{"type":"Feature","geometry":{"type":"Point","coordinates":[-73.9772455,40.7460072]},"properties":{"name":"208 East 35th Street","address":"208 East 35th Street Murray Hill Manhattan","asset_class":"Multifamily - Walk-Up"}},{"type":"Feature","geometry":{"type":"Point","coordinates":[-73.9655999,40.7606927]},"properties":{"name":"225 East 58th Street","address":"225 East 58th Street Midtown East Manhattan  --","asset_class":"Development, Mixed-Use, User"}},{"type":"Feature","geometry":{"type":"Point","coordinates":[-73.9594141,40.7690155]},"properties":{"name":"234 East 72nd Street","address":"234 East 72nd Street  Upper East Side  Manhattan","asset_class":"Multifamily - Walk-Up"}},{"type":"Feature","geometry":{"type":"Point","coordinates":[-73.9637885,40.7601484]},"properties":{"name":"308 East 59th Street","address":"308 East 59th Street  Upper East Side  Manhattan  --","asset_class":"Mixed-Use"}},{"type":"Feature","geometry":{"type":"Point","coordinates":[-73.9954432,40.7585082]},"properties":{"name":"454 West 41st Street","address":"454 West 41st Street Midtown West Manhattan  --","asset_class":"Commercial"}},{"type":"Feature","geometry":{"type":"Point","coordinates":[-73.9675384,40.76452]},"properties":{"name":"123 East 62nd Street","address":"123 East 62nd Street Upper East Side  Manhattan  --","asset_class":"Multifamily - Walk-Up"}},{"type":"Feature","geometry":{"type":"Point","coordinates":[-73.986586,40.7318799]},"properties":{"name":"232 East 13th Street","address":"232 East 13th Street East Village Manhattan  --","asset_class":"Multifamily - Walk-Up"}},{"type":"Feature","geometry":{"type":"Point","coordinates":[-73.9625045,40.7716804]},"properties":{"name":"109 East 73rd Street","address":"109 East 73rd Street Upper East Side  Manhattan  --","asset_class":"Multifamily - Elevator"}},{"type":"Feature","geometry":{"type":"Point","coordinates":[-73.9696116,40.7542742]},"properties":{"name":"248 East 49th Street","address":"248 East 49th Street Midtown East Manhattan  --","asset_class":"Mixed-Use"}},{"type":"Feature","geometry":{"type":"Point","coordinates":[-73.9598199,40.7617662]},"properties":{"name":"404 East 63rd Street","address":"404 East 63rd Street Upper East Side  Manhattan  --","asset_class":"Multifamily - Walk-Up"}},{"type":"Feature","geometry":{"type":"Point","coordinates":[-73.982088,40.7428542]},"properties":{"name":"127 Lexington Avenue","address":"127 Lexington Avenue Kips Bay Manhattan","asset_class":"Mixed-Use"}},{"type":"Feature","geometry":{"type":"Point","coordinates":[-73.9692071,40.76174]},"properties":{"name":"128-30 East 58th Street","address":"128-30 East 58th Street Midtown East Manhattan  --","asset_class":"Religious, User"}},{"type":"Feature","geometry":{"type":"Point","coordinates":[-73.966497,40.7611733]},"properties":{"name":"983 Third Avenue","address":"983 Third Avenue Upper East Side  Manhattan  --","asset_class":"Retail"}},{"type":"Feature","geometry":{"type":"Point","coordinates":[-73.9822503,40.7411201]},"properties":{"name":"153 East 26th Street","address":"153 East 26th Street  Kips Bay Manhattan","asset_class":"Multifamily - Elevator"}},{"type":"Feature","geometry":{"type":"Point","coordinates":[-73.9763535,40.7633801]},"properties":{"name":"39 West 56th Street","address":"39 West 56th Street Midtown West Manhattan  --","asset_class":"Office"}},{"type":"Feature","geometry":{"type":"Point","coordinates":[-73.9578064,40.7826826]},"properties":{"name":"1232 Madison Avenue","address":"1232 Madison Avenue  Upper East Side  Manhattan  --","asset_class":"Mixed-Use"}},{"type":"Feature","geometry":{"type":"Point","coordinates":[-73.949703,40.7768205]},"properties":{"name":"1651 First Avenue","address":"1651 First Avenue Upper East Side  Manhattan  --","asset_class":"Multifamily - Walk-Up"}},{"type":"Feature","geometry":{"type":"Point","coordinates":[-73.9633374,40.7632453]},"properties":{"name":"232 East 63rd Street","address":"232 East 63rd Street Upper East Side Manhattan","asset_class":"Development"}},{"type":"Feature","geometry":{"type":"Point","coordinates":[-73.9741477,40.7516742]},"properties":{"name":"684 Third Avenue","address":"684 Third Avenue Midtown East Manhattan  --","asset_class":"Mixed-Use"}},{"type":"Feature","geometry":{"type":"Point","coordinates":[-73.9745545,40.7526333]},"properties":{"name":"141 East 44th Street","address":"141 East 44th Street Midtown East Manhattan","asset_class":"Office"}},{"type":"Feature","geometry":{"type":"Point","coordinates":[-73.9498341,40.7767106]},"properties":{"name":"1647-1649 First Avenue","address":"1647-1649 First Avenue  Upper East Side  Manhattan 1647 First Avenue (1548-127), 1649 First Avenue (1548-28)","asset_class":"Mixed-Use"}},{"type":"Feature","geometry":{"type":"Point","coordinates":[-73.9672541,40.7701864]},"properties":{"name":"13 East 69th Street","address":"13 East 69th Street  Upper East Side  Manhattan  --","asset_class":"Multifamily - Elevator"}},{"type":"Feature","geometry":{"type":"Point","coordinates":[-73.9645062,40.7570675]},"properties":{"name":"350 East 55th Street","address":"350 East 55th Street Midtown East Manhattan  --","asset_class":"Townhouse"}},{"type":"Feature","geometry":{"type":"Point","coordinates":[-73.9648707,40.7561173]},"properties":{"name":"971-73 First Avenue","address":"971-73 First Avenue  Midtown East Manhattan  --","asset_class":"Multifamily - Walk-Up"}},{"type":"Feature","geometry":{"type":"Point","coordinates":[-73.97056,40.7546845]},"properties":{"name":"216-218 East 49th Street","address":"216-218 East 49th Street Midtown East Manhattan  --","asset_class":"Office, User"}},{"type":"Feature","geometry":{"type":"Point","coordinates":[-73.9837644,40.7417973]},"properties":{"name":"127 East 26th Street","address":"127 East 26th Street Gramercy Manhattan  --","asset_class":"Multifamily - Walk-Up"}},{"type":"Feature","geometry":{"type":"Point","coordinates":[-73.9672067,40.7563629]},"properties":{"name":"The 53rd & Second Portfolio","address":"The 53rd & Second Portfolio Midtown East Manhattan 992-996 Second Avenue, 998 Second Avenue, 1000-02 Second Avenue, 308-310 East 53th Street","asset_class":"Development, Multifamily - Elevator, Portfolio"}},{"type":"Feature","geometry":{"type":"Point","coordinates":[-73.9670102,40.7565051]},"properties":{"name":"1000-02 Second Avenue","address":"1000-02 Second Avenue  Upper East Side  Manhattan  --","asset_class":"Development, Mixed-Use"}},{"type":"Feature","geometry":{"type":"Point","coordinates":[-73.9843619,40.7569347]},"properties":{"name":"133-37 West 44th Street","address":"133-37 West 44th Street Midtown East Manhattan","asset_class":"Development"}},{"type":"Feature","geometry":{"type":"Point","coordinates":[-73.9587873,40.7746738]},"properties":{"name":"150 and 152 East 79th Street","address":"150 and 152 East 79th Street Upper East Side Manhattan","asset_class":"Mixed-Use"}},{"type":"Feature","geometry":{"type":"Point","coordinates":[-73.9860679,40.7366705]},"properties":{"name":"128 East 19th Street","address":"128 East 19th Street Union Square Manhattan  --","asset_class":"Townhouse"}},{"type":"Feature","geometry":{"type":"Point","coordinates":[-74.0039152,40.7353086]},"properties":{"name":"68 Perry Street","address":"68 Perry Street West Village  Manhattan  --","asset_class":"Multifamily - Walk-Up"}},{"type":"Feature","geometry":{"type":"Point","coordinates":[-73.974857,40.7572697]},"properties":{"name":"48 East 50th Street","address":"48 East 50th Street Midtown East Manhattan  --","asset_class":"Commercial"}},{"type":"Feature","geometry":{"type":"Point","coordinates":[-73.9750827,40.7790338]},"properties":{"name":"14-16 West 76th Street","address":"14-16 West 76th Street Upper West Side  Manhattan","asset_class":"Multifamily - Elevator"}},{"type":"Feature","geometry":{"type":"Point","coordinates":[-73.9736255,40.7535549]},"properties":{"name":"148 East 46th Street","address":"148 East 46th Street Midtown East Manhattan  --","asset_class":"Mixed-Use"}},{"type":"Feature","geometry":{"type":"Point","coordinates":[-73.9761407,40.7496961]},"properties":{"name":"148 East 40th Street","address":"148 East 40th Street  Midtown East Manhattan","asset_class":"Office, User"}},{"type":"Feature","geometry":{"type":"Point","coordinates":[-73.9541265,40.768599]},"properties":{"name":"414 East 74th Street","address":"414 East 74th Street Upper East Side  Manhattan  --","asset_class":"Multifamily - Elevator"}},{"type":"Feature","geometry":{"type":"Point","coordinates":[-73.9854704,40.7321291]},"properties":{"name":"221 Second Avenue","address":"221 Second Avenue East Village  Manhattan  --","asset_class":"Multifamily - Walk-Up"}},{"type":"Feature","geometry":{"type":"Point","coordinates":[-73.9679399,40.7635443]},"properties":{"name":"128 East 61st Street","address":"128 East 61st Street Upper East Side  Manhattan  --","asset_class":"Multifamily - Walk-Up"}},{"type":"Feature","geometry":{"type":"Point","coordinates":[-73.9791288,40.7832479]},"properties":{"name":"210, 212-214 West 79th Street","address":"210, 212-214 West 79th Street Upper West Side Manhattan  --","asset_class":"Multifamily - Walk-Up"}},{"type":"Feature","geometry":{"type":"Point","coordinates":[-73.9683148,40.7570458]},"properties":{"name":"230 East 53rd Street","address":"230 East 53rd Street  Midtown East Manhattan  --","asset_class":"Mixed-Use"}},{"type":"Feature","geometry":{"type":"Point","coordinates":[-73.988406,40.766308]},"properties":{"name":"424-26 West 54th Street","address":"424-26 West 54th Street Midtown West Manhattan  --","asset_class":"Industrial"}},{"type":"Feature","geometry":{"type":"Point","coordinates":[-73.9712598,40.7477537]},"properties":{"name":"420 East 40th Street","address":"420 East 40th Street Midtown East Manhattan  --","asset_class":"Mixed-Use, User"}},{"type":"Feature","geometry":{"type":"Point","coordinates":[-73.9682369,40.757037]},"properties":{"name":"232 East 53rd Street","address":"232 East 53rd Street Midtown East Manhattan  --","asset_class":"Mixed-Use"}},{"type":"Feature","geometry":{"type":"Point","coordinates":[-73.9585411,40.7826907]},"properties":{"name":"9 East 88th Street","address":"9 East 88th Street Upper East Side  Manhattan  --","asset_class":"Townhouse"}},{"type":"Feature","geometry":{"type":"Point","coordinates":[-73.9654347,40.7604699]},"properties":{"name":"235 East 58th Street","address":"235 East 58th Street Midtown East Manhattan  --","asset_class":"Commercial"}},{"type":"Feature","geometry":{"type":"Point","coordinates":[-73.9665681,40.7605149]},"properties":{"name":"208 East 58th Street","address":"208 East 58th Street  Midtown East Manhattan  --","asset_class":"Office"}},{"type":"Feature","geometry":{"type":"Point","coordinates":[-73.9691596,40.7550032]},"properties":{"name":"242 East 50th Street","address":"242 East 50th Street Midtown East Manhattan  --","asset_class":"Office"}},{"type":"Feature","geometry":{"type":"Point","coordinates":[-73.9582589,40.7735861]},"properties":{"name":"Third Avenue Westerly Blockfront between 77th & 78th Streets (188 East 78th Street)","address":"Third Avenue Westerly Blockfront between 77th & 78th Streets (188 East 78th Street) Upper East Side  Manhattan 1350-1375 block","asset_class":"Development"}},{"type":"Feature","geometry":{"type":"Point","coordinates":[-73.9583957,40.7731665]},"properties":{"name":"1356-1372 Third Avenue","address":"1356-1372 Third Avenue  Upper East Side Manhattan","asset_class":"Commercial, Retail"}},{"type":"Feature","geometry":{"type":"Point","coordinates":[-73.9662619,40.7545482]},"properties":{"name":"354 East 51st Street","address":"354 East 51st Street Midtown East Manhattan  --","asset_class":"Multifamily - Walk-Up"}},{"type":"Feature","geometry":{"type":"Point","coordinates":[-73.9513488,40.7741761]},"properties":{"name":"1571 - 1573 First Avenue","address":"1571 - 1573 First Avenue  Upper East Side  Manhattan 1571 First Avenue (1544-28), 1573 First Avenue (1544-29)","asset_class":"Multifamily - Walk-Up"}},{"type":"Feature","geometry":{"type":"Point","coordinates":[-73.9976503,40.7509143]},"properties":{"name":"352 Ninth Avenue","address":"352 Ninth Avenue  Hudson Yards, Midtown West Manhattan 363 West 30th Street","asset_class":"Development"}},{"type":"Feature","geometry":{"type":"Point","coordinates":[-73.9468606,40.7822461]},"properties":{"name":"324 East 94th Street","address":"324 East 94th Street Upper East Side Manhattan  --","asset_class":"Multifamily - Walk-Up"}},{"type":"Feature","geometry":{"type":"Point","coordinates":[-73.9800067,40.7503711]},"properties":{"name":"32 East 39th Street","address":"32 East 39th Street Midtown East Manhattan  --","asset_class":"Office, User"}},{"type":"Feature","geometry":{"type":"Point","coordinates":[-73.9643838,40.7620648]},"properties":{"name":"236 East 61st Street","address":"236 East 61st Street Upper East Side Manhattan  --","asset_class":"Multifamily - Walk-Up"}},{"type":"Feature","geometry":{"type":"Point","coordinates":[-73.9625701,40.7617127]},"properties":{"name":"311 East 61st Street","address":"311 East 61st Street Upper East Side Manhattan  --","asset_class":"Multifamily - Walk-Up"}},{"type":"Feature","geometry":{"type":"Point","coordinates":[-73.9628155,40.7617318]},"properties":{"name":"309 East 61st Street","address":"309 East 61st Street Upper East Side Manhattan  --","asset_class":"Multifamily - Walk-Up"}},{"type":"Feature","geometry":{"type":"Point","coordinates":[-73.9658321,40.7635042]},"properties":{"name":"158 East 62nd Street","address":"158 East 62nd Street Upper East Side Manhattan  --","asset_class":"Multifamily - Walk-Up"}},{"type":"Feature","geometry":{"type":"Point","coordinates":[-73.9625528,40.762095]},"properties":{"name":"304-08 East 62nd Street","address":"304-08 East 62nd Street Upper East Side Manhattan  --","asset_class":"Multifamily - Walk-Up"}},{"type":"Feature","geometry":{"type":"Point","coordinates":[-74.0031545,40.7240189]},"properties":{"name":"60-62 Thompson Street","address":"60-62 Thompson Street West Village  Manhattan 60 Thompson Street (488-3), 62 Thompson Street (488-5)","asset_class":"Development"}},{"type":"Feature","geometry":{"type":"Point","coordinates":[-73.9700019,40.7545033]},"properties":{"name":"234 East 49th Street","address":"234 East 49th Street Midtown East Manhattan  --","asset_class":"Multifamily - Walk-Up"}},{"type":"Feature","geometry":{"type":"Point","coordinates":[-73.9800676,40.750442]},"properties":{"name":"30 East 39th Street","address":"30 East 39th Street Midtown East Manhattan  --","asset_class":"Office, User"}},{"type":"Feature","geometry":{"type":"Point","coordinates":[-73.9753676,40.7870106]},"properties":{"name":"3 Riverview Terrace","address":"3 Riverview Terrace Upper West Side  Manhattan  --","asset_class":"Multifamily - Walk-Up"}},{"type":"Feature","geometry":{"type":"Point","coordinates":[-73.970087,40.7606745]},"properties":{"name":"125 East 56th Street","address":"125 East 56th Street Midtown East Manhattan  --","asset_class":"Office, User"}},{"type":"Feature","geometry":{"type":"Point","coordinates":[-73.9684855,40.7571427]},"properties":{"name":"220, 222, 224 East 53rd Street","address":"220, 222, 224 East 53rd Street Midtown East Manhattan 220 East 53rd Street (1326-40), 222 East 53rd Street (1326-39), 224 East 53rd Street (1326-38)","asset_class":"Mixed-Use"}},{"type":"Feature","geometry":{"type":"Point","coordinates":[-73.9789777,40.7479274]},"properties":{"name":"131 East 36th Street","address":"131 East 36th Street Murray Hill Manhattan  --","asset_class":"Office"}},{"type":"Feature","geometry":{"type":"Point","coordinates":[-73.9771305,40.7619964]},"properties":{"name":"31 West 54th Street","address":"31 West 54th Street Midtown West Manhattan  --","asset_class":"Office, User"}},{"type":"Feature","geometry":{"type":"Point","coordinates":[-73.9695197,40.7555572]},"properties":{"name":"227 East 50th Street","address":"227 East 50th Street Midtown East Manhattan  --","asset_class":"Mixed-Use"}},{"type":"Feature","geometry":{"type":"Point","coordinates":[-73.9854704,40.7321291]},"properties":{"name":"221 Second Avenue","address":"221 Second Avenue  East Village Manhattan  --","asset_class":"Mixed-Use"}},{"type":"Feature","geometry":{"type":"Point","coordinates":[-73.9670346,40.7586511]},"properties":{"name":"231-235 East 55th Street","address":"231-235 East 55th Street Midtown East Manhattan","asset_class":"Development"}},{"type":"Feature","geometry":{"type":"Point","coordinates":[-73.9664003,40.7546017]},"properties":{"name":"350 East 51st Street","address":"350 East 51st Street Midtown East Manhattan  --","asset_class":"Multifamily - Walk-Up"}},{"type":"Feature","geometry":{"type":"Point","coordinates":[-73.9651228,40.7544434]},"properties":{"name":"409 East 51st Street","address":"409 East 51st Street Midtown East Manhattan","asset_class":"Multifamily - Walk-Up"}},{"type":"Feature","geometry":{"type":"Point","coordinates":[-73.9939296,40.7196346]},"properties":{"name":"161 Bowery","address":"161 Bowery Lower East Side Manhattan  --","asset_class":"Commercial"}},{"type":"Feature","geometry":{"type":"Point","coordinates":[-73.976872,40.7403902]},"properties":{"name":"339-45 East 28th Street","address":"339-45 East 28th Street Kips Bay Manhattan  --","asset_class":"Development"}},{"type":"Feature","geometry":{"type":"Point","coordinates":[-73.9705378,40.7498195]},"properties":{"name":"336 East 43rd Street","address":"336 East 43rd Street Midtown East Manhattan  --","asset_class":"Multifamily - Walk-Up"}},{"type":"Feature","geometry":{"type":"Point","coordinates":[-73.9671349,40.7541122]},"properties":{"name":"342 East 50th Street","address":"342 East 50th Street Midtown East Manhattan  --","asset_class":"Multifamily - Walk-Up"}},{"type":"Feature","geometry":{"type":"Point","coordinates":[-73.9517153,40.7872018]},"properties":{"name":"1255 Park Avenue","address":"1255 Park Avenue Upper East Side Manhattan  --","asset_class":"Mixed-Use"}},{"type":"Feature","geometry":{"type":"Point","coordinates":[-73.982106,40.755943]},"properties":{"name":"55-57 West 44th Street","address":"55-57 West 44th Street  Midtown West Manhattan  --","asset_class":"Office"}},{"type":"Feature","geometry":{"type":"Point","coordinates":[-73.9671479,40.7627539]},"properties":{"name":"151 East 60th Street","address":"151 East 60th Street  Upper East Side Manhattan  --","asset_class":"Mixed-Use"}},{"type":"Feature","geometry":{"type":"Point","coordinates":[-73.9682836,40.7684776]},"properties":{"name":"22 East 67th Street","address":"22 East 67th Street Upper East Side Manhattan  --","asset_class":"Office"}},{"type":"Feature","geometry":{"type":"Point","coordinates":[-73.9771898,40.7566594]},"properties":{"name":"16 East 48th Street","address":"16 East 48th Street Midtown East Manhattan  --","asset_class":"Office"}},{"type":"Feature","geometry":{"type":"Point","coordinates":[-73.9787344,40.7552957]},"properties":{"name":"205-07 East 45th Street","address":"205-07 East 45th Street Midtown East Manhattan  --","asset_class":"Commercial, Development"}},{"type":"Feature","geometry":{"type":"Point","coordinates":[-73.9723788,40.752619]},"properties":{"name":"209 East 45th Street","address":"209 East 45th Street Midtown East Manhattan  --","asset_class":"Commercial, Development"}},{"type":"Feature","geometry":{"type":"Point","coordinates":[-73.9626245,40.7756433]},"properties":{"name":"1010 Madison Avenue","address":"1010 Madison Avenue  Upper East Side Manhattan  --","asset_class":"Office"}},{"type":"Feature","geometry":{"type":"Point","coordinates":[-73.9653302,40.7612801]},"properties":{"name":"223 East 59th Street","address":"223 East 59th Street Upper East Side Manhattan  --","asset_class":"Mixed-Use"}},{"type":"Feature","geometry":{"type":"Point","coordinates":[-73.9814821,40.7443395]},"properties":{"name":"172 Lexington Avenue","address":"172 Lexington Avenue  Kips Bay Manhattan  --","asset_class":"Mixed-use"}},{"type":"Feature","geometry":{"type":"Point","coordinates":[-73.9795748,40.7456142]},"properties":{"name":"149 East 33rd Street","address":"149 East 33rd Street Murray Hill Manhattan  --","asset_class":"Multifamily - Walk-Up"}},{"type":"Feature","geometry":{"type":"Point","coordinates":[-73.9651144,40.7569239]},"properties":{"name":"337 East 54th Street","address":"337 East 54th Street Midtown East Manhattan  --","asset_class":"Multifamily - Walk-Up"}},{"type":"Feature","geometry":{"type":"Point","coordinates":[-73.9808335,40.755764]},"properties":{"name":"24 West 45th Street","address":"24 West 45th Street Midtown West Manhattan  --","asset_class":"Office"}},{"type":"Feature","geometry":{"type":"Point","coordinates":[-74.0033097,40.723944]},"properties":{"name":"58 Thompson Street","address":"58 Thompson Street West Village  Manhattan  --","asset_class":"Development"}},{"type":"Feature","geometry":{"type":"Point","coordinates":[-73.9658871,40.7639203]},"properties":{"name":"161 East 62nd Street","address":"161 East 62nd Street Upper East Side Manhattan  --","asset_class":"Multifamily - Walk-Up"}},{"type":"Feature","geometry":{"type":"Point","coordinates":[-73.967412,40.753346]},"properties":{"name":"338, 340, 342 East 49th Street","address":"338, 340, 342 East 49th Street Midtown East Manhattan 338 East 49th Street (1341-35),  340 East 49th Street (1341-34), 342 East 49th Street (1341-33","asset_class":"Multifamily - Walk-Up"}},{"type":"Feature","geometry":{"type":"Point","coordinates":[-73.9843933,40.7324776]},"properties":{"name":"236 Second Avenue","address":"236 Second Avenue  East Village Manhattan  --","asset_class":"Commercial, User"}},{"type":"Feature","geometry":{"type":"Point","coordinates":[-73.9641775,40.7599342]},"properties":{"name":"311 East 58th Street","address":"311 East 58th Street Midtown East Manhattan  --","asset_class":"Townhouse"}},{"type":"Feature","geometry":{"type":"Point","coordinates":[-73.983973,40.757548]},"properties":{"name":"133 West 45th Street","address":"133 West 45th Street Midtown West Manhattan  --","asset_class":"Multifamily - Walk-Up"}},{"type":"Feature","geometry":{"type":"Point","coordinates":[-73.9647475,40.7618519]},"properties":{"name":"229 East 60th Street","address":"229 East 60th Street Upper East Side Manhattan  --","asset_class":"Mixed-Use"}},{"type":"Feature","geometry":{"type":"Point","coordinates":[-73.9674307,40.7645677]},"properties":{"name":"125 East 62nd Street","address":"125 East 62nd Street  Upper East Side Manhattan  --","asset_class":"Mixed-Use"}},{"type":"Feature","geometry":{"type":"Point","coordinates":[-73.982106,40.755943]},"properties":{"name":"55-57 West 44th Street","address":"55-57 West 44th Street  Midtown West Manhattan  --","asset_class":"Office"}},{"type":"Feature","geometry":{"type":"Point","coordinates":[-73.975353,40.762914]},"properties":{"name":"13-15 West 56th Street","address":"13-15 West 56th Street Upper West Side Manhattan","asset_class":"Development, Parking Lot"}},{"type":"Feature","geometry":{"type":"Point","coordinates":[-73.961343,40.761257]},"properties":{"name":"351-353 East 61st Street","address":"351-353 East 61st Street Upper East Side Manhattan  --","asset_class":"Commercial, Development"}},{"type":"Feature","geometry":{"type":"Point","coordinates":[-73.9938664,40.7185993]},"properties":{"name":"113-117 Chrystie Street","address":"113-117 Chrystie Street Lower East Side Manhattan","asset_class":"Conversion, Development, Industrial, Office"}},{"type":"Feature","geometry":{"type":"Point","coordinates":[-73.9846787,40.7458696]},"properties":{"name":"132 Madison Avenue","address":"132 Madison Avenue  Murray Hill Manhattan  --","asset_class":"Office, User"}},{"type":"Feature","geometry":{"type":"Point","coordinates":[-73.9700856,40.7677963]},"properties":{"name":"838 Fifth Avenue","address":"838 Fifth Avenue  Upper East Side Manhattan  --","asset_class":"Office"}},{"type":"Feature","geometry":{"type":"Point","coordinates":[-74.0069778,40.7470184]},"properties":{"name":"538-40 West 21st Street","address":"538-40 West 21st Street Chelsea Manhattan  --","asset_class":"Development, Garage"}},{"type":"Feature","geometry":{"type":"Point","coordinates":[-73.9738142,40.7465815]},"properties":{"name":"307-311 East 37th Street","address":"307-311 East 37th Street Midtown East Manhattan 307 East 37th Street (943-7), 309-311 East 37th Street (943-8)","asset_class":"Air Rights, Development"}},{"type":"Feature","geometry":{"type":"Point","coordinates":[-73.9673266,40.7637588]},"properties":{"name":"788  Lexington Avenue","address":"788  Lexington Avenue  Upper East Side Manhattan  --","asset_class":"Mixed-Use"}},{"type":"Feature","geometry":{"type":"Point","coordinates":[-73.984471,40.751133]},"properties":{"name":"21-23 West 37th Street","address":"21-23 West 37th Street Midtown West  Manhattan  --","asset_class":"Development"}},{"type":"Feature","geometry":{"type":"Point","coordinates":[-73.9905044,40.764752]},"properties":{"name":"448 West 51st Street","address":"448 West 51st Street Midtown West Manhattan  --","asset_class":"Office"}},{"type":"Feature","geometry":{"type":"Point","coordinates":[-73.9947424,40.7499699]},"properties":{"name":"412 Eighth Avenue","address":"412 Eighth Avenue  Chelsea Manhattan  --","asset_class":"Commercial, Retail, User"}},{"type":"Feature","geometry":{"type":"Point","coordinates":[-74.0008371,40.7291587]},"properties":{"name":"183 Bleecker Street","address":"183 Bleecker Street West Village Manhattan  --","asset_class":"Mixed-Use"}},{"type":"Feature","geometry":{"type":"Point","coordinates":[-73.9700056,40.756084]},"properties":{"name":"831-833 Third Avenue","address":"831-833 Third Avenue  Midtown East Manhattan  --","asset_class":"Retail"}},{"type":"Feature","geometry":{"type":"Point","coordinates":[-74.0003851,40.7422538]},"properties":{"name":"162 Eighth Avenue","address":"162 Eighth Avenue  Chelsea Manhattan  --","asset_class":"Multifamily - Walk-Up"}},{"type":"Feature","geometry":{"type":"Point","coordinates":[-73.9692556,40.7590741]},"properties":{"name":"154 East 55th Street","address":"154 East 55th Street Midtown East Manhattan  --","asset_class":"Commercial, User"}},{"type":"Feature","geometry":{"type":"Point","coordinates":[-73.9783592,40.7492768]},"properties":{"name":"117 East 38th Street","address":"117 East 38th Street Murray Hill Manhattan  --","asset_class":"Multifamily - Walk-Up"}},{"type":"Feature","geometry":{"type":"Point","coordinates":[-73.9848145,40.7512455]},"properties":{"name":"31-33 West 37th Street","address":"31-33 West 37th Street  Midtown West Manhattan 31 West 37th Street (839-22), 33 West 37th Street (839-21)","asset_class":"Development"}},{"type":"Feature","geometry":{"type":"Point","coordinates":[-73.9718797,40.7859499]},"properties":{"name":"50 West 86th Street","address":"50 West 86th Street Upper West Side Manhattan","asset_class":"Multifamily - Walk-Up"}},{"type":"Feature","geometry":{"type":"Point","coordinates":[-73.9537461,40.7825471]},"properties":{"name":"1370 Lexington Avenue","address":"1370 Lexington Avenue  Upper East Side  Manhattan  --","asset_class":"Mixed-Use"}},{"type":"Feature","geometry":{"type":"Point","coordinates":[-73.9686695,40.760898]},"properties":{"name":"143 East 57th Street","address":"143 East 57th Street Midtown East Manhattan  --","asset_class":"Retail"}},{"type":"Feature","geometry":{"type":"Point","coordinates":[-73.9572971,40.7665126]},"properties":{"name":"1299 First Avenue","address":"1299 First Avenue  Upper East Side  Manhattan  --","asset_class":"Multifamily - Walk-Up"}},{"type":"Feature","geometry":{"type":"Point","coordinates":[-73.9906776,40.7615561]},"properties":{"name":"679 Ninth Avenue","address":"679 Ninth Avenue  Hell's Kitchen, Midtown West Manhattan  --","asset_class":"Mixed-Use"}},{"type":"Feature","geometry":{"type":"Point","coordinates":[-73.9899013,40.7608138]},"properties":{"name":"357 West 46th Street","address":"357 West 46th Street Midtown West Manhattan  --","asset_class":"Townhouse"}},{"type":"Feature","geometry":{"type":"Point","coordinates":[-74.0092956,40.7150274]},"properties":{"name":"81-83 West Broadway","address":"81-83 West Broadway TriBeCa Manhattan  --","asset_class":"Retail"}},{"type":"Feature","geometry":{"type":"Point","coordinates":[-73.9704215,40.7550181]},"properties":{"name":"211-215 East 49th Street","address":"211-215 East 49th Street  Midtown East Manhattan  --","asset_class":"Office"}},{"type":"Feature","geometry":{"type":"Point","coordinates":[-73.9947019,40.7208459]},"properties":{"name":"168 Elizabeth Street","address":"168 Elizabeth Street Lower East Side Manhattan  --","asset_class":"Multifamily - Walk-Up"}},{"type":"Feature","geometry":{"type":"Point","coordinates":[-73.9668978,40.7552267]},"properties":{"name":"327 East 51st Street","address":"327 East 51st Street Midtown East Manhattan  --","asset_class":"Townhouse"}},{"type":"Feature","geometry":{"type":"Point","coordinates":[-74.0046732,40.7509986]},"properties":{"name":"547-53 West 27th Street, 554 West 28th Street","address":"547-53 West 27th Street, 554 West 28th Street Chelsea Manhattan 547-53 West 27th Street (699-5), 554 West 28th Street (699-63)","asset_class":"Industrial"}},{"type":"Feature","geometry":{"type":"Point","coordinates":[-73.9930134,40.7250129]},"properties":{"name":"300 Elizabeth Street","address":"300 Elizabeth Street West Village Manhattan  --","asset_class":"Multifamily - Walk-Up"}},{"type":"Feature","geometry":{"type":"Point","coordinates":[-74.0070797,40.7146553]},"properties":{"name":"85 Chambers Street","address":"85 Chambers Street  FiDi Manhattan  --","asset_class":"Commercial, Retail"}},{"type":"Feature","geometry":{"type":"Point","coordinates":[-73.9908432,40.7134667]},"properties":{"name":"137 Henry Street","address":"137 Henry Street Lower East Side Manhattan  --","asset_class":"Mixed-Use, User"}},{"type":"Feature","geometry":{"type":"Point","coordinates":[-73.9513122,40.7685895]},"properties":{"name":"511-515 East 75th Street, 407-409 East 88th Street","address":"511-515 East 75th Street, 407-409 East 88th Street  Upper East Side Manhattan 511 East 75th Street (1487-10), 513-515 East 75th Street (1487-11), 407 East 88th Street (1568-5), 409 East 88th Street (1568-6)","asset_class":"Multifamily - Walk-Up"}},{"type":"Feature","geometry":{"type":"Point","coordinates":[-73.9685996,40.7559858]},"properties":{"name":"241 East 51st Street","address":"241 East 51st Street Midtown East Manhattan  --","asset_class":"Office, User"}},{"type":"Feature","geometry":{"type":"Point","coordinates":[-73.9941435,40.7449546]},"properties":{"name":"158-162 West 25th Street","address":"158-162 West 25th Street  Chelsea Manhattan  --","asset_class":"Development"}},{"type":"Feature","geometry":{"type":"Point","coordinates":[-73.9930395,40.7436548]},"properties":{"name":"108-110 West 24th Street","address":"108-110 West 24th Street Chelsea Manhattan  --","asset_class":"Development"}},{"type":"Feature","geometry":{"type":"Point","coordinates":[-73.9663201,40.7573196]},"properties":{"name":"301 East 54th Street","address":"301 East 54th Street Midtown East Manhattan  --","asset_class":"Mixed-Use"}},{"type":"Feature","geometry":{"type":"Point","coordinates":[-73.9881158,40.7211615]},"properties":{"name":"99 Stanton Street","address":"99 Stanton Street Lower East Side Manhattan  --","asset_class":"Commercial, Retail"}},{"type":"Feature","geometry":{"type":"Point","coordinates":[-73.9672541,40.7701864]},"properties":{"name":"13 East 69th Street","address":"13 East 69th Street  Upper East Side  Manhattan  --","asset_class":"Multifamily - Elevator"}},{"type":"Feature","geometry":{"type":"Point","coordinates":[-73.9610285,40.7612205]},"properties":{"name":"1121-23 First Avenue","address":"1121-23 First Avenue Midtown East Manhattan  --","asset_class":"Multifamily - Walk-Up"}},{"type":"Feature","geometry":{"type":"Point","coordinates":[-73.9505213,40.8113694]},"properties":{"name":"2363-65 Eighth Avenue","address":"2363-65 Eighth Avenue  West Harlem Northern Manhattan  --","asset_class":"Religious, User"}},{"type":"Feature","geometry":{"type":"Point","coordinates":[-73.9707136,40.7547781]},"properties":{"name":"214 East 49th Street","address":"214 East 49th Street  Midtown East Manhattan  --","asset_class":"Office, User"}},{"type":"Feature","geometry":{"type":"Point","coordinates":[-73.9852804,40.737081]},"properties":{"name":"40 East 20th Street","address":"40 East 20th Street  Gramercy Manhattan  --","asset_class":"Commercial, Retail"}},{"type":"Feature","geometry":{"type":"Point","coordinates":[-73.9705143,40.7514193]},"properties":{"name":"302 East 45th Street","address":"302 East 45th Street Midtown East Manhattan  --","asset_class":"Commercial, Retail"}},{"type":"Feature","geometry":{"type":"Point","coordinates":[-73.9567585,40.7683962]},"properties":{"name":"345 East 72nd Street","address":"345 East 72nd Street Upper East Side  Manhattan  --","asset_class":"Multifamily - Elevator"}},{"type":"Feature","geometry":{"type":"Point","coordinates":[-73.9815337,40.7264773]},"properties":{"name":"Bloom & Krup Portfolio","address":"Bloom & Krup Portfolio East Village Manhattan 202-204 First Avenue (440-3), 206 First Avenue (440-5), 407-409 East 12th Street (440-55), 411 East 12th Street (440-54)","asset_class":"Development, Multifamily - Walk-up, Partial Interest, Portfolio, User"}},{"type":"Feature","geometry":{"type":"Point","coordinates":[-73.9321345,40.8541489]},"properties":{"name":"292 Wadsworth Avenue","address":"292 Wadsworth Avenue Hudson Heights Northern Manhattan  --","asset_class":"Multifamily - Walk-Up"}},{"type":"Feature","geometry":{"type":"Point","coordinates":[-73.98923,40.725952]},"properties":{"name":"68-70 Second Avenue","address":"68-70 Second Avenue  East Village Manhattan  --","asset_class":"Multifamily - Walk-Up"}},{"type":"Feature","geometry":{"type":"Point","coordinates":[-73.981674,40.734005]},"properties":{"name":"336-338, 340-342, 344-348 East 18th Street","address":"336-338, 340-342, 344-348 East 18th Street  Gramercy Manhattan 336-338 East 18th Street (923-44), 340-243 East 18th Street (923-43), 344-348 East 18th Street (923-39)","asset_class":"Multifamily - Walk-Up"}},{"type":"Feature","geometry":{"type":"Point","coordinates":[-73.9665002,40.756202]},"properties":{"name":"318 East 53rd Street","address":"318 East 53rd Street Midtown East Manhattan  --","asset_class":"Multifamily - Walk-Up"}},{"type":"Feature","geometry":{"type":"Point","coordinates":[-73.9623459,40.7769611]},"properties":{"name":"18 East 80th Street","address":"18 East 80th Street Upper East Side  Manhattan  --","asset_class":"Multifamily - Elevator"}},{"type":"Feature","geometry":{"type":"Point","coordinates":[-73.967276,40.770278]},"properties":{"name":"9 East 69th Street","address":"9 East 69th Street Upper East Side  Manhattan  --","asset_class":"Office, User"}},{"type":"Feature","geometry":{"type":"Point","coordinates":[-73.9560597,40.7715111]},"properties":{"name":"1460 Second Avenue","address":"1460 Second Avenue  Upper East Side  Manhattan  --","asset_class":"Multifamily - Walk-Up"}},{"type":"Feature","geometry":{"type":"Point","coordinates":[-73.9696116,40.7542742]},"properties":{"name":"248 East 49th Street","address":"248 East 49th Street Midtown East Manhattan","asset_class":"Retail Condo"}},{"type":"Feature","geometry":{"type":"Point","coordinates":[-73.9933377,40.721143]},"properties":{"name":"199-205 Bowery","address":"199-205 Bowery Lower East Side Manhattan  --","asset_class":"Development"}},{"type":"Feature","geometry":{"type":"Point","coordinates":[-73.9552269,40.784898]},"properties":{"name":"56 East 93rd Street","address":"56 East 93rd Street Upper East Side Manhattan  --","asset_class":"Hospital, Specialty Use, User"}},{"type":"Feature","geometry":{"type":"Point","coordinates":[-73.966329,40.763326]},"properties":{"name":"157 East 61st Street","address":"157 East 61st Street Upper East Side  Manhattan  --","asset_class":"Multifamily - Elevator"}},{"type":"Feature","geometry":{"type":"Point","coordinates":[-73.9807423,40.7376511]},"properties":{"name":"Southeast Corner of 23rd Stret & Second Avenue aka 392-398 Second Avenue","address":"Southeast Corner of 23rd Stret & Second Avenue aka 392-398 Second Avenue  Kips Bay Manhattan 392 Second Avenue (928-57), 394 Second Avenue (928-56), 396 Second Avenue (928-55), 398 Second Avenue (928-54),","asset_class":"Development"}},{"type":"Feature","geometry":{"type":"Point","coordinates":[-73.969352,40.7498046]},"properties":{"name":"765-767 First Avenue","address":"765-767 First Avenue Midtown East Manhattan  --","asset_class":"Multifamily - Elevator"}},{"type":"Feature","geometry":{"type":"Point","coordinates":[-73.9761407,40.7496961]},"properties":{"name":"148 East 40th Street","address":"148 East 40th Street  Midtown East Manhattan","asset_class":"Office"}},{"type":"Feature","geometry":{"type":"Point","coordinates":[-73.9701671,40.7553871]},"properties":{"name":"214 East 50th Street","address":"214 East 50th Street Midtown East Manhattan  --","asset_class":"Office"}},{"type":"Feature","geometry":{"type":"Point","coordinates":[-74.0029167,40.7252919]},"properties":{"name":"191 Spring Street","address":"191 Spring Street SoHo Manhattan  --","asset_class":"Mixed-Use"}},{"type":"Feature","geometry":{"type":"Point","coordinates":[-74.0030409,40.7190847]},"properties":{"name":"58 Walker Street","address":"58 Walker Street TriBeCa Manhattan  --","asset_class":"Commercial"}},{"type":"Feature","geometry":{"type":"Point","coordinates":[-73.9679693,40.755089]},"properties":{"name":"954 Second Avenue","address":"954 Second Avenue  Midtown East Manhattan  --","asset_class":"Mixed-Use"}},{"type":"Feature","geometry":{"type":"Point","coordinates":[-73.9674307,40.7645677]},"properties":{"name":"125 East 62nd Street","address":"125 East 62nd Street Upper East Side  Manhattan  --","asset_class":"Mixed-Use"}},{"type":"Feature","geometry":{"type":"Point","coordinates":[-73.9848854,40.7406588]},"properties":{"name":"117 East 24th Street","address":"117 East 24th Street Flatiron Manhattan","asset_class":"Retail Co-op"}},{"type":"Feature","geometry":{"type":"Point","coordinates":[-73.9845,40.737446]},"properties":{"name":"254 Third Avenue","address":"254 Third Avenue  Gramercy Manhattan  --","asset_class":"Mixed-Use"}},{"type":"Feature","geometry":{"type":"Point","coordinates":[-73.996053,40.7501803]},"properties":{"name":"315-325 West 30th Street","address":"315-325 West 30th Street Midtown West Manhattan","asset_class":"Multifamily - Walk-up"}},{"type":"Feature","geometry":{"type":"Point","coordinates":[-73.9663878,40.7634818]},"properties":{"name":"153-155 East 61st Street","address":"153-155 East 61st Street Midtown East Manhattan  --","asset_class":"Townhouse"}},{"type":"Feature","geometry":{"type":"Point","coordinates":[-73.9699736,40.755296]},"properties":{"name":"222 East 50th Street","address":"222 East 50th Street Midtown East Manhattan  --","asset_class":"Multifamily - Walk-Up"}},{"type":"Feature","geometry":{"type":"Point","coordinates":[-73.972631,40.754407]},"properties":{"name":"145-147 East 47th Street","address":"145-147 East 47th Street Midtown East Manhattan 145 East 47th Street (1302-129), 147 East 47th Street (1302-30","asset_class":"Commercial, Retail, User"}},{"type":"Feature","geometry":{"type":"Point","coordinates":[-73.9905047,40.7464738]},"properties":{"name":"823 Sixth Avenue","address":"823 Sixth Avenue  NoMad Manhattan  --","asset_class":"Theater"}},{"type":"Feature","geometry":{"type":"Point","coordinates":[-73.9976503,40.7509143]},"properties":{"name":"352 Ninth Avenue","address":"352 Ninth Avenue  Hudson Yards, Midtown West Manhattan 363 West 30th Street","asset_class":"Development"}},{"type":"Feature","geometry":{"type":"Point","coordinates":[-73.9563433,40.7866062]},"properties":{"name":"1130 Fifth Avenue","address":"1130 Fifth Avenue  Upper East Side  Manhattan  --","asset_class":"Civic, Cultural, Museum, Public Assemblage"}},{"type":"Feature","geometry":{"type":"Point","coordinates":[-73.8470083,40.7213272]},"properties":{"name":"69-33 Austin Street","address":"69-33 Austin Street Forest Hills  Manhattan","asset_class":"Commercial, Retail"}},{"type":"Feature","geometry":{"type":"Point","coordinates":[-74.0031004,40.7296621]},"properties":{"name":"19 Downing Street","address":"19 Downing Street West Village Manhattan  --","asset_class":"Mixed-Use"}},{"type":"Feature","geometry":{"type":"Point","coordinates":[-73.9940995,40.7390883]},"properties":{"name":"41-43 West 17th Street","address":"41-43 West 17th Street Chelsea Manhattan  --","asset_class":"Development, Parking Lot"}},{"type":"Feature","geometry":{"type":"Point","coordinates":[-73.978797,40.7433402]},"properties":{"name":"216 East 31st Street","address":"216 East 31st Street Kips Bay Manhattan  --","asset_class":"Townhouse"}},{"type":"Feature","geometry":{"type":"Point","coordinates":[-73.9880583,40.7402925]},"properties":{"name":"25 East 22nd Street","address":"25 East 22nd Street Flatiron Manhattan  --","asset_class":"Office"}},{"type":"Feature","geometry":{"type":"Point","coordinates":[-73.9569826,40.7726637]},"properties":{"name":"233 East 77th Street","address":"233 East 77th Street Upper East Side  Manhattan  --","asset_class":"Multifamily - Walk-Up"}},{"type":"Feature","geometry":{"type":"Point","coordinates":[-73.9945179,40.7120521]},"properties":{"name":"45 Market Street","address":"45 Market Street Lower East Side  Manhattan  --","asset_class":"Mixed-Use"}},{"type":"Feature","geometry":{"type":"Point","coordinates":[-73.9693088,40.7545902]},"properties":{"name":"251 East 49th Street","address":"251 East 49th Street Midtown East Manhattan  --","asset_class":"Mixed-Use"}},{"type":"Feature","geometry":{"type":"Point","coordinates":[-73.9723788,40.752619]},"properties":{"name":"205-07, 209 East 45th Street","address":"205-07, 209 East 45th Street Midtown East Manhattan 205-207 East 45th Street (1319-5), 209 East 45th Street (1319-6)","asset_class":"Development"}},{"type":"Feature","geometry":{"type":"Point","coordinates":[-73.9908023,40.7141125]},"properties":{"name":"9 East Broadway","address":"9 East Broadway Lower East Side  Manhattan  --","asset_class":"Commercial, Retail"}},{"type":"Feature","geometry":{"type":"Point","coordinates":[-74.008942,40.725255]},"properties":{"name":"491-497 Greenwich Street","address":"491-497 Greenwich Street TriBeCa Manhattan assemblage included 491-497 Greenwich Street (594-21, 594-23), 503-509 Greenwich Street (594-29), 35-43 Renwick Street (594-37)","asset_class":"Development"}},{"type":"Feature","geometry":{"type":"Point","coordinates":[-73.9673237,40.7681969]},"properties":{"name":"36-38 East 67th Street","address":"36-38 East 67th Street Upper East Side  Manhattan  --","asset_class":"Office"}},{"type":"Feature","geometry":{"type":"Point","coordinates":[-74.000511,40.7327989]},"properties":{"name":"373 Sixth Avenue","address":"373 Sixth Avenue West Village  Manhattan  --","asset_class":"Mixed-Use"}},{"type":"Feature","geometry":{"type":"Point","coordinates":[-73.9686792,40.7515735]},"properties":{"name":"342 East 46th Street","address":"342 East 46th Street Midtown East Manhattan  --","asset_class":"Multifamily - Walk-Up"}},{"type":"Feature","geometry":{"type":"Point","coordinates":[-74.0019727,40.7368807]},"properties":{"name":"249 Waverly Place","address":"249 Waverly Place West Village  Manhattan  --","asset_class":"Townhouse"}},{"type":"Feature","geometry":{"type":"Point","coordinates":[-74.002033,40.7088975]},"properties":{"name":"320-22 Pearl Street","address":"320-22 Pearl Street FiDi Manhattan  --","asset_class":"Development"}},{"type":"Feature","geometry":{"type":"Point","coordinates":[-73.9707139,40.7600883]},"properties":{"name":"119 East 55th Street","address":"119 East 55th Street Midtown East Manhattan  --","asset_class":"Office"}},{"type":"Feature","geometry":{"type":"Point","coordinates":[-73.957821,40.770006]},"properties":{"name":"1413 & 1415 Second Avenue","address":"1413 & 1415 Second Avenue Upper East Side  Manhattan 1413 Second Avenue (1428-26), 1415 Second Avenue (1428-27)","asset_class":"Mixed-Use"}},{"type":"Feature","geometry":{"type":"Point","coordinates":[-73.9624751,40.7712143]},"properties":{"name":"126 East 73rd Street","address":"126 East 73rd Street Upper East Side  Manhattan  --","asset_class":"Multifamily - Walk-Up"}},{"type":"Feature","geometry":{"type":"Point","coordinates":[-73.863704,40.7417164]},"properties":{"name":"50-51 98th Street","address":"50-51 98th Street  Corona Queens","asset_class":"Industrial"}},{"type":"Feature","geometry":{"type":"Point","coordinates":[-73.9680087,40.7531896]},"properties":{"name":"100 UN Plaza Garage","address":"100 UN Plaza Garage  Midtown East  Manhattan 329 East 48th Street","asset_class":"Parking"}},{"type":"Feature","geometry":{"type":"Point","coordinates":[-73.9637459,40.7755463]},"properties":{"name":"9 East 77th Street","address":"9 East 77th Street Upper East Side  Manhattan  --","asset_class":"Multifamily - Walk-Up"}},{"type":"Feature","geometry":{"type":"Point","coordinates":[-73.9951758,40.7161006]},"properties":{"name":"125-31 Canal Street","address":"125-31 Canal Street Chinatown Manhattan  --","asset_class":"Office"}},{"type":"Feature","geometry":{"type":"Point","coordinates":[-73.967412,40.760951]},"properties":{"name":"968 Third Avenue","address":"968 Third Avenue  Midtown East Manhattan  --","asset_class":"Commercial, Retail"}},{"type":"Feature","geometry":{"type":"Point","coordinates":[-73.9846032,40.7516644]},"properties":{"name":"40 West 38th Street","address":"40 West 38th Street Midtown West Manhattan  --","asset_class":"Office, User"}},{"type":"Feature","geometry":{"type":"Point","coordinates":[-73.9659569,40.7726384]},"properties":{"name":"10 East 73rd Street","address":"10 East 73rd Street Upper East Side  Manhattan","asset_class":"Office"}},{"type":"Feature","geometry":{"type":"Point","coordinates":[-73.9565036,40.7763062]},"properties":{"name":"174 East 82nd Street","address":"174 East 82nd Street Upper East Side Manhattan","asset_class":"Multifamily - Elevator"}},{"type":"Feature","geometry":{"type":"Point","coordinates":[-73.9667054,40.7629815]},"properties":{"name":"156 East 61st Street","address":"156 East 61st Street Upper East Side  Manhattan  --","asset_class":"Multifamily - Walk-Up"}},{"type":"Feature","geometry":{"type":"Point","coordinates":[-73.9963404,40.743677]},"properties":{"name":"205 West 22nd Street","address":"205 West 22nd Street Chelsea Manhattan","asset_class":"Multifamily - Walk-Up"}},{"type":"Feature","geometry":{"type":"Point","coordinates":[-73.9797925,40.7565846]},"properties":{"name":"13 West 46th Street","address":"13 West 46th Street Midtown West Manhattan  --","asset_class":"Commercial, Retail, User"}},{"type":"Feature","geometry":{"type":"Point","coordinates":[-73.9708344,40.7601331]},"properties":{"name":"115 East 55th Street","address":"115 East 55th Street Midtown East Manhattan  --","asset_class":"Office"}},{"type":"Feature","geometry":{"type":"Point","coordinates":[-73.9917736,40.7258109]},"properties":{"name":"329 Bowery","address":"329 Bowery NoHo Manhattan  --","asset_class":"Commercial, Retail"}},{"type":"Feature","geometry":{"type":"Point","coordinates":[-74.0061424,40.7181064]},"properties":{"name":"51-53 Leonard Street","address":"51-53 Leonard Street TriBeCa Manhattan  --","asset_class":"Commercial"}},{"type":"Feature","geometry":{"type":"Point","coordinates":[-73.965577,40.766201]},"properties":{"name":"868-870 Lexington Avenue","address":"868-870 Lexington Avenue Upper East Side  Manhattan  --","asset_class":"Office"}},{"type":"Feature","geometry":{"type":"Point","coordinates":[-74.0077256,40.7080047]},"properties":{"name":"84-88 William Street","address":"84-88 William Street FiDi Manhattan  --","asset_class":"Office"}},{"type":"Feature","geometry":{"type":"Point","coordinates":[-73.9853743,40.7456944]},"properties":{"name":"13 East 30th Street","address":"13 East 30th Street NoMad Manhattan  --","asset_class":"Commercial, User"}},{"type":"Feature","geometry":{"type":"Point","coordinates":[-73.9702157,40.7561952]},"properties":{"name":"831-833 Third Avenue","address":"831-833 Third Avenue  Upper East Side  Manhattan  --","asset_class":"Commercial, Retail"}},{"type":"Feature","geometry":{"type":"Point","coordinates":[-73.9782434,40.7468963]},"properties":{"name":"155 East 35th Street","address":"155 East 35th Street  Murray Hill Manhattan","asset_class":"Mixed-Use"}},{"type":"Feature","geometry":{"type":"Point","coordinates":[-73.9913386,40.7606617]},"properties":{"name":"647 Ninth Avenue","address":"647 Ninth Avenue Midtown West Manhattan  --","asset_class":"Mixed-Use"}},{"type":"Feature","geometry":{"type":"Point","coordinates":[-73.9382378,40.7999381]},"properties":{"name":"2185-2191 Third Avenue","address":"2185-2191 Third Avenue  East Harlem Northern Manhattan 2185 Third Avenue (1784-1), 2187 Third Avenue (1784-2), 2189 Third Avenue (1784-3), 2191 Third Avenue (1784-4)","asset_class":"Development, User"}},{"type":"Feature","geometry":{"type":"Point","coordinates":[-73.9555814,40.7716185]},"properties":{"name":"304 East 77th Street","address":"304 East 77th Street Upper East Side  Manhattan  --","asset_class":"Multifamily - Walk-Up"}},{"type":"Feature","geometry":{"type":"Point","coordinates":[-73.9665729,40.7564077]},"properties":{"name":"314 East 53rd Street","address":"314 East 53rd Street Midtown East Manhattan  --","asset_class":"Townhouse"}},{"type":"Feature","geometry":{"type":"Point","coordinates":[-73.980762,40.775959]},"properties":{"name":"117 West 69th Street","address":"117 West 69th Street Upper West Side  Manhattan  --","asset_class":"Multifamily - Walk-Up"}},{"type":"Feature","geometry":{"type":"Point","coordinates":[-73.9787219,40.7804486]},"properties":{"name":"150 West 76th Street","address":"150 West 76th Street Upper West Side  Manhattan  --","asset_class":"Multifamily - Walk-Up"}},{"type":"Feature","geometry":{"type":"Point","coordinates":[-73.9790585,40.7752062]},"properties":{"name":"45 West 69th Street","address":"45 West 69th Street Upper West Side  Manhattan  --","asset_class":"Multifamily - Walk-Up"}},{"type":"Feature","geometry":{"type":"Point","coordinates":[-73.9786448,40.7803966]},"properties":{"name":"148 West 76th Street","address":"148 West 76th Street Upper West Side  Manhattan  --","asset_class":"Multifamily - Walk-Up"}},{"type":"Feature","geometry":{"type":"Point","coordinates":[-73.9794748,40.7745512]},"properties":{"name":"49 West 68th Street","address":"49 West 68th Street Upper West Side  Manhattan  --","asset_class":"Multifamily - Walk-Up"}},{"type":"Feature","geometry":{"type":"Point","coordinates":[-73.9715648,40.7855384]},"properties":{"name":"57 West 85th Street","address":"57 West 85th Street Upper West Side  Manhattan  --","asset_class":"Multifamily - Walk-Up"}},{"type":"Feature","geometry":{"type":"Point","coordinates":[-73.9669189,40.7692783]},"properties":{"name":"815 Madison Avenue","address":"815 Madison Avenue Upper East Side  Manhattan  --","asset_class":"Commercial, Retail, User"}},{"type":"Feature","geometry":{"type":"Point","coordinates":[-73.9490204,40.7806854]},"properties":{"name":"304 East 91st Street","address":"304 East 91st Street Upper East Side  Manhattan  --","asset_class":"Multifamily - Walk-Up"}},{"type":"Feature","geometry":{"type":"Point","coordinates":[-73.9688278,40.7556014]},"properties":{"name":"244 East 51st Street","address":"244 East 51st Street Midtown East Manhattan  --","asset_class":"Mixed-Use"}},{"type":"Feature","geometry":{"type":"Point","coordinates":[-73.9759608,40.7450121]},"properties":{"name":"623 Second Avenue","address":"623 Second Avenue  Murray Hill Manhattan","asset_class":"Mixed-Use"}},{"type":"Feature","geometry":{"type":"Point","coordinates":[-73.9708185,40.7597214]},"properties":{"name":"124 East 55th Street","address":"124 East 55th Street  Midtown East Manhattan  --","asset_class":"Commercial, User"}},{"type":"Feature","geometry":{"type":"Point","coordinates":[-73.9913082,40.7156359]},"properties":{"name":"32 Orchard Street","address":"32 Orchard Street Lower East Side  Manhattan  --","asset_class":"Commercial, Retail"}},{"type":"Feature","geometry":{"type":"Point","coordinates":[-73.9755984,40.7847148]},"properties":{"name":"137 West 82nd Street","address":"137 West 82nd Street Upper West Side  Manhattan  --","asset_class":"Multifamily - Walk-Up"}},{"type":"Feature","geometry":{"type":"Point","coordinates":[-73.963319,40.7628739]},"properties":{"name":"249 East 62nd Street","address":"249 East 62nd Street Upper East Side  Manhattan  --","asset_class":"Mixed-Use"}},{"type":"Feature","geometry":{"type":"Point","coordinates":[-73.9768602,40.7569614]},"properties":{"name":"19 East 48th Street","address":"19 East 48th Street Midtown East Manhattan  --","asset_class":"Commercial"}},{"type":"Feature","geometry":{"type":"Point","coordinates":[-73.9922862,40.7411113]},"properties":{"name":"33 West 21st Street","address":"33 West 21st Street Chelsea Manhattan","asset_class":"Multifamily - Elevator"}},{"type":"Feature","geometry":{"type":"Point","coordinates":[-73.993579,40.73901]},"properties":{"name":"26-30 West 18th Street, 31 West 17th Street","address":"26-30 West 18th Street, 31 West 17th Street Flatiron Manhattan","asset_class":"Development, Garage, User"}},{"type":"Feature","geometry":{"type":"Point","coordinates":[-73.9657684,40.7578182]},"properties":{"name":"304 East 55th Street","address":"304 East 55th Street Midtown East Manhattan  --","asset_class":"Office"}},{"type":"Feature","geometry":{"type":"Point","coordinates":[-73.9762696,40.7928581]},"properties":{"name":"314 West 92nd Street","address":"314 West 92nd Street Upper West Side  Manhattan  --","asset_class":"Multifamily - Walk-Up"}},{"type":"Feature","geometry":{"type":"Point","coordinates":[-73.9655437,40.7621204]},"properties":{"name":"205, 207, 209, 211-13 East 60th Street","address":"205, 207, 209, 211-13 East 60th Street Upper East Side  Manhattan 205 East 60th Street (1415-105), 207 East 60th Street (1415-5), 209 East 60th Street (1415-6), 211-13 East 60th Street (1415-7)","asset_class":"Commercial, Retail"}},{"type":"Feature","geometry":{"type":"Point","coordinates":[-73.9560769,40.786083]},"properties":{"name":"10-12 East 94th Street","address":"10-12 East 94th Street Upper East Side  Manhattan  --","asset_class":"Specialty-Use, User"}},{"type":"Feature","geometry":{"type":"Point","coordinates":[-73.999566,40.742298]},"properties":{"name":"264-268 West 19th Street","address":"264-268 West 19th Street  Chelsea Manhattan","asset_class":"Multifamily - Walk-Up"}},{"type":"Feature","geometry":{"type":"Point","coordinates":[-73.9641066,40.7741654]},"properties":{"name":"960 Madison Avenue","address":"960 Madison Avenue Upper East Side  Manhattan  --","asset_class":"Commercial, Mixed-Use, Retail"}},{"type":"Feature","geometry":{"type":"Point","coordinates":[-73.9821594,40.7365919]},"properties":{"name":"359 Second Avenue","address":"359 Second Avenue Gramercy Manhattan","asset_class":"Office"}},{"type":"Feature","geometry":{"type":"Point","coordinates":[-73.9671105,40.7685567]},"properties":{"name":"33 East 67th Street","address":"33 East 67th Street  Upper East Side Manhattan  --","asset_class":"Office, User"}},{"type":"Feature","geometry":{"type":"Point","coordinates":[-73.9513948,40.7686394]},"properties":{"name":"The Factory Portfolio","address":"The Factory Portfolio Upper East Side Manhattan 503-505 East 75th Street (1487-5), 507-509 East 75th Street (1487-8), 502-12 East 76th Street (1487-43) aka 506 East 76th Street","asset_class":"Development, Institutional, Portfolio, User"}},{"type":"Feature","geometry":{"type":"Point","coordinates":[-73.9657924,40.7559864]},"properties":{"name":"336 East 53rd Street","address":"336 East 53rd Street Midtown East  Manhattan","asset_class":"Multifamily - Walk-Up"}},{"type":"Feature","geometry":{"type":"Point","coordinates":[-73.972632,40.785296]},"properties":{"name":"505-507 Columbus Avenue","address":"505-507 Columbus Avenue  Upper West Side  Manhattan","asset_class":"Multifamily - Walk-Up"}},{"type":"Feature","geometry":{"type":"Point","coordinates":[-73.9661508,40.7577226]},"properties":{"name":"1040 Second Avenue","address":"1040 Second Avenue Midtown East  Manhattan","asset_class":"Commercial, Retail"}},{"type":"Feature","geometry":{"type":"Point","coordinates":[-73.98727,40.74895]},"properties":{"name":"49-51 West 33rd Street","address":"49-51 West 33rd Street Midtown West  Manhattan","asset_class":"Office, User"}},{"type":"Feature","geometry":{"type":"Point","coordinates":[-73.9535274,40.7758674]},"properties":{"name":"1595-1597 Second Avenue","address":"1595-1597 Second Avenue  Upper East Side  Manhattan 1595 Second Avenue (1528-27), 1597 Second Avenue (1528-28)","asset_class":"Mixed-Use"}},{"type":"Feature","geometry":{"type":"Point","coordinates":[-74.0041684,40.7238553]},"properties":{"name":"529 Broome Street","address":"529 Broome Street SoHo Manhattan","asset_class":"Multifamily - Walk-Up"}},{"type":"Feature","geometry":{"type":"Point","coordinates":[-73.9684939,40.7562734]},"properties":{"name":"240 East 52nd Street","address":"240 East 52nd Street Midtown East Manhattan","asset_class":"Multifamily - Walk-Up"}},{"type":"Feature","geometry":{"type":"Point","coordinates":[-74.0106855,40.7044517]},"properties":{"name":"21-23 South William Street","address":"21-23 South William Street FiDi Manhattan","asset_class":"Commercial, Museum, Specialty-Use"}},{"type":"Feature","geometry":{"type":"Point","coordinates":[-73.9527719,40.7666839]},"properties":{"name":"515 East 72nd Street","address":"515 East 72nd Street Upper East Side  Manhattan","asset_class":"Medical Condo"}},{"type":"Feature","geometry":{"type":"Point","coordinates":[-73.97122,40.759544]},"properties":{"name":"The Off Park Portfolio","address":"The Off Park Portfolio  Midtown East  Manhattan 119 East 54th Street (1309-7), 121 East 54th Street (1309-107), 116-118 East 55th Street (1309-65), 120 East 55th Street (1309-64)","asset_class":"Conversion, Office, Portfolio, User"}},{"type":"Feature","geometry":{"type":"Point","coordinates":[-73.9672067,40.7563629]},"properties":{"name":"992 Second Avenue","address":"992 Second Avenue  Midtown East  Manhattan","asset_class":"Development, Mixed-Use"}},{"type":"Feature","geometry":{"type":"Point","coordinates":[-73.9552338,40.7764144]},"properties":{"name":"1461 Third Avenue","address":"1461 Third Avenue  Upper East Side  Manhattan","asset_class":"Mixed-Use"}},{"type":"Feature","geometry":{"type":"Point","coordinates":[-73.9570654,40.7658587]},"properties":{"name":"1286-1290 First Avenue","address":"1286-1290 First Avenue  Upper East Side Manhattan","asset_class":"Mixed-Use, Multifamily - Walk-Up"}},{"type":"Feature","geometry":{"type":"Point","coordinates":[-74.0002582,40.7395393]},"properties":{"name":"218 West 15th Street","address":"218 West 15th Street Chelsea Manhattan","asset_class":"Specialty-Use, Homeless Shelter"}},{"type":"Feature","geometry":{"type":"Point","coordinates":[-74.0008371,40.7291587]},"properties":{"name":"183 Bleecker Street","address":"183 Bleecker Street West Village Manhattan","asset_class":"Mixed-Use"}},{"type":"Feature","geometry":{"type":"Point","coordinates":[-73.9818384,40.7511358]},"properties":{"name":"4 East 39th Street","address":"4 East 39th Street Midtown East Manhattan  --","asset_class":"Office, User"}},{"type":"Feature","geometry":{"type":"Point","coordinates":[-73.9867115,40.7651589]},"properties":{"name":"349 West 53rd Street","address":"349 West 53rd Street Midtown West Manhattan","asset_class":"Multifamily - Walk-Up"}},{"type":"Feature","geometry":{"type":"Point","coordinates":[-73.9480873,40.7774212]},"properties":{"name":"409 East 87th Street","address":"409 East 87th Street Upper East Side Manhattan","asset_class":"Multifamily - Walk-Up"}},{"type":"Feature","geometry":{"type":"Point","coordinates":[-73.9732432,40.7545314]},"properties":{"name":"129 East 47th Street","address":"129 East 47th Street Midtown East  Manhattan","asset_class":"Mixed-Use"}},{"type":"Feature","geometry":{"type":"Point","coordinates":[-73.989853,40.744391]},"properties":{"name":"286 Fifth Avenue","address":"286 Fifth Avenue  NoMad Manhattan","asset_class":"Office"}},{"type":"Feature","geometry":{"type":"Point","coordinates":[-73.8526658,40.7261893]},"properties":{"name":"101-06 Queens Boulevard","address":"101-06 Queens Boulevard Flushing Queens  --","asset_class":"Retail"}},{"type":"Feature","geometry":{"type":"Point","coordinates":[-73.9660563,40.7577445]},"properties":{"name":"300 East 55th Street","address":"300 East 55th Street Midtown East Manhattan","asset_class":"Development"}},{"type":"Feature","geometry":{"type":"Point","coordinates":[-73.9816767,40.7396805]},"properties":{"name":"208-214 East 25th Street","address":"208-214 East 25th Street Gramercy Manhattan 208 East 25th Street (905-53), 210 East 25th Street (905-53), 212 East 25th Street (905-51)","asset_class":"Multifamily - Walk-Up"}},{"type":"Feature","geometry":{"type":"Point","coordinates":[-73.9628055,40.7614993]},"properties":{"name":"306-316 East 61st Street","address":"306-316 East 61st Street Upper East Side Manhattan","asset_class":"Office"}},{"type":"Feature","geometry":{"type":"Point","coordinates":[-73.9839122,40.7346376]},"properties":{"name":"245 East 17th Street","address":"245 East 17th Street  Union Square Manhattan","asset_class":"Hospital, Specialty Use, User"}},{"type":"Feature","geometry":{"type":"Point","coordinates":[-73.9824141,40.7431089]},"properties":{"name":"132 Lexington Avenue","address":"132 Lexington Avenue  Murray Hill Manhattan","asset_class":"Mixed-Use"}},{"type":"Feature","geometry":{"type":"Point","coordinates":[-73.9698318,40.754724]},"properties":{"name":"256 East 49th Street","address":"256 East 49th Street  Midtown East  Manhattan","asset_class":"Development"}},{"type":"Feature","geometry":{"type":"Point","coordinates":[-73.9739417,40.7605868]},"properties":{"name":"532 Madison Avenue","address":"532 Madison Avenue Midtown West  Manhattan 1420 Broadway (815-49), 574 Fifth Ave (1262-39), 422 Madison (1284-55), 532 Madison (1290-15)","asset_class":"Office"}},{"type":"Feature","geometry":{"type":"Point","coordinates":[-73.963772,40.7597737]},"properties":{"name":"321-23 East 58th Street","address":"321-23 East 58th Street Midtown East  Manhattan","asset_class":"Townhouse"}},{"type":"Feature","geometry":{"type":"Point","coordinates":[-73.9689865,40.7548962]},"properties":{"name":"939-941 Second Avenue, 250 East 50th Street","address":"939-941 Second Avenue, 250 East 50th Street Midtown East  Manhattan 939 Second Avenue (1323-128), 941 Second Avenue (1323-29),  250 East 50th Street (1323-129)","asset_class":"Mixed-Use"}},{"type":"Feature","geometry":{"type":"Point","coordinates":[-73.9769604,40.762317]},"properties":{"name":"46 West 55th Street","address":"46 West 55th Street  Midtown West Manhattan  --","asset_class":"Office, User"}},{"type":"Feature","geometry":{"type":"Point","coordinates":[-73.9658535,40.757631]},"properties":{"name":"306 East 55th Street","address":"306 East 55th Street Midtown East  Manhattan","asset_class":"Office"}},{"type":"Feature","geometry":{"type":"Point","coordinates":[-74.0089317,40.7254312]},"properties":{"name":"503-509 Greenwich Street","address":"503-509 Greenwich Street TriBeCa Manhattan assemblage included 491-497 Greenwich Street (594-21, 594-23), 503-509 Greenwich Street (594-29), 35-43 Renwick Street (594-37)","asset_class":"Development"}},{"type":"Feature","geometry":{"type":"Point","coordinates":[-73.9573751,40.7746165]},"properties":{"name":"1392 Third Avenue","address":"1392 Third Avenue  Upper East Side  Manhattan","asset_class":"Mixed-Use"}},{"type":"Feature","geometry":{"type":"Point","coordinates":[-74.008942,40.725255]},"properties":{"name":"35-43 Renwick Street","address":"35-43 Renwick Street TriBeCa Manhattan assemblage included 491-497 Greenwich Street (594-21, 594-23), 503-509 Greenwich Street (594-29), 35-43 Renwick Street (594-37)","asset_class":"Development"}},{"type":"Feature","geometry":{"type":"Point","coordinates":[-73.9767873,40.7490375]},"properties":{"name":"144 East 39th Street","address":"144 East 39th Street Murray Hill Manhattan","asset_class":"Office, User"}},{"type":"Feature","geometry":{"type":"Point","coordinates":[-73.9463119,40.8236331]},"properties":{"name":"424 West 144th Street","address":"424 West 144th Street West Harlem Northern Manhattan","asset_class":"Multifamily - Walk-Up"}},{"type":"Feature","geometry":{"type":"Point","coordinates":[-73.9661825,40.7573411]},"properties":{"name":"307-309 East 54th Street","address":"307-309 East 54th Street  Midtown East  Manhattan","asset_class":"Commercial, Development, Retail"}},{"type":"Feature","geometry":{"type":"Point","coordinates":[-73.9664111,40.7573966]},"properties":{"name":"1024 Second Avenue","address":"1024 Second Avenue  Midtown East  Manhattan","asset_class":"Development, Mixed-Use"}},{"type":"Feature","geometry":{"type":"Point","coordinates":[-73.966169,40.7576978]},"properties":{"name":"1038 Second Avenue","address":"1038 Second Avenue  Midtown East  Manhattan","asset_class":"Development, Mixed-Use"}},{"type":"Feature","geometry":{"type":"Point","coordinates":[-73.9668055,40.7559744]},"properties":{"name":"311 East 52nd Street","address":"311 East 52nd Street Midtown East  Manhattan","asset_class":"Multifamily - Walk-Up"}},{"type":"Feature","geometry":{"type":"Point","coordinates":[-73.9511885,40.7875294]},"properties":{"name":"104 East 98th Street","address":"104 East 98th Street  Upper East Side  Manhattan","asset_class":"Multifamily - Walk-Up"}},{"type":"Feature","geometry":{"type":"Point","coordinates":[-73.9498737,40.7766457]},"properties":{"name":"1645 First Avenue","address":"1645 First Avenue  Upper East Side  Manhattan","asset_class":"Multifamily - Walk-Up"}},{"type":"Feature","geometry":{"type":"Point","coordinates":[-73.7428357,40.6771438]},"properties":{"name":"227-01 Merrick Boulevard","address":"227-01 Merrick Boulevard Laurelton Queens","asset_class":"Mixed-Use"}},{"type":"Feature","geometry":{"type":"Point","coordinates":[-73.9871976,40.7297326]},"properties":{"name":"157 Second Avenue","address":"157 Second Avenue  East Village Manhattan","asset_class":"Mixed-Use"}},{"type":"Feature","geometry":{"type":"Point","coordinates":[-73.9552349,40.7865982]},"properties":{"name":"22 East 95th Street","address":"22 East 95th Street Upper East Side Manhattan","asset_class":"School, User"}},{"type":"Feature","geometry":{"type":"Point","coordinates":[-74.004339,40.7271863]},"properties":{"name":"27 Charlton Street","address":"27 Charlton Street West Village Manhattan","asset_class":"Multifamily - Walk-Up"}},{"type":"Feature","geometry":{"type":"Point","coordinates":[-73.9656633,40.7604826]},"properties":{"name":"227-229 East 58th Street","address":"227-229 East 58th Street Midtown East Manhattan","asset_class":"Office"}},{"type":"Feature","geometry":{"type":"Point","coordinates":[-73.9660907,40.7577517]},"properties":{"name":"1042 Second Avenue","address":"1042 Second Avenue  Midtown East  Manhattan","asset_class":"Mixed-Use"}},{"type":"Feature","geometry":{"type":"Point","coordinates":[-73.9897635,40.760775]},"properties":{"name":"353 West 46th Street","address":"353 West 46th Street  Hell's Kitchen, Midtown West Manhattan","asset_class":"Commercial, Mixed-Use"}},{"type":"Feature","geometry":{"type":"Point","coordinates":[-73.9519284,40.7688581]},"properties":{"name":"1416 York Avenue","address":"1416 York Avenue  Upper East Side  Manhattan","asset_class":"Multifamily - Walk-Up"}},{"type":"Feature","geometry":{"type":"Point","coordinates":[-73.9850077,40.7742236]},"properties":{"name":"Easterly Blockfront of Columbus Avenue between 64th and 65th Streets","address":"Easterly Blockfront of Columbus Avenue between 64th and 65th Streets Upper West Side Manhattan","asset_class":"Mixed-Use"}},{"type":"Feature","geometry":{"type":"Point","coordinates":[-73.956831,40.7721288]},"properties":{"name":"246 East 77th Street","address":"246 East 77th Street Upper East Side Manhattan","asset_class":"Development, Multifamily-Walk-Up"}},{"type":"Feature","geometry":{"type":"Point","coordinates":[-73.982466,40.7817023]},"properties":{"name":"251-257 West 75th Street","address":"251-257 West 75th Street Upper West Side Manhattan 255 West 75th Street","asset_class":"Multifamily - Elevator"}},{"type":"Feature","geometry":{"type":"Point","coordinates":[-73.978983,40.745782]},"properties":{"name":"156-158 East 34th Street","address":"156-158 East 34th Street Murray Hill  Manhattan 156 East 34th Street (889-52), 158 East 34th Street (889-51)","asset_class":"Development"}},{"type":"Feature","geometry":{"type":"Point","coordinates":[-73.9476139,40.8252793]},"properties":{"name":"Heights Portfolio","address":"Heights Portfolio Hamilton Heights Northern Manhattan 522-534 West 147th Street, 526-28 West 147th Street, 530-32 West 147th Street, 534-36 West 147th Street (2078 - 47, 49, 51, 53)","asset_class":"Multifamily - Walk-Up, Portfolio"}},{"type":"Feature","geometry":{"type":"Point","coordinates":[-73.9566844,40.7721135]},"properties":{"name":"248-250 East 77th Street","address":"248-250 East 77th Street Upper East Side Manhattan 248 East 77th Street (1431-30), 250 East 77th Street (1431-29)","asset_class":"Development, Multifamily-Walk-Up"}},{"type":"Feature","geometry":{"type":"Point","coordinates":[-74.0002176,40.7299814]},"properties":{"name":"126 MacDougal Street","address":"126 MacDougal Street  West Village  Manhattan","asset_class":"Multifamily - Walk-Up"}},{"type":"Feature","geometry":{"type":"Point","coordinates":[-74.0,41.0]},"properties":{"name":"West 49th Street Portfolio","address":"West 49th Street Portfolio Hell's Kitchen, Midtown West Manhattan 308, 310, 318, 320, 322, 324, 326, 328, 330, 332, 336, 338, 340 West 49th Street","asset_class":"Multifamily - Walk-Up, Portfolio"}},{"type":"Feature","geometry":{"type":"Point","coordinates":[-73.9688036,40.787807]},"properties":{"name":"27 West 89th Street","address":"27 West 89th Street Upper West Side Manhattan","asset_class":"Multifamily - Walk-Up"}},{"type":"Feature","geometry":{"type":"Point","coordinates":[-73.967412,40.760951]},"properties":{"name":"968 Third Avenue","address":"968 Third Avenue  Midtown East Manhattan","asset_class":"Development, Partial Interest, Retail"}},{"type":"Feature","geometry":{"type":"Point","coordinates":[-74.00059,40.738295]},"properties":{"name":"205-207 West 13th Street","address":"205-207 West 13th Street Chelsea Manhattan","asset_class":"Multifamily - Elevator"}},{"type":"Feature","geometry":{"type":"Point","coordinates":[-73.9767065,40.7857151]},"properties":{"name":"200-210 West 83rd Street","address":"200-210 West 83rd Street Upper West Side Manhattan 200 - 210 West 83rd Street (1230-133-137)","asset_class":"Multifamily - Walk-Up, Portfolio"}},{"type":"Feature","geometry":{"type":"Point","coordinates":[-73.9921494,40.7411738]},"properties":{"name":"31-33 West 21st Street","address":"31-33 West 21st Street Flatiron Manhattan","asset_class":"Conversion, Retail Condo"}},{"type":"Feature","geometry":{"type":"Point","coordinates":[-73.9812181,40.7247021]},"properties":{"name":"99 Avenue B","address":"99 Avenue B East Village Manhattan","asset_class":"Mixed-Use"}},{"type":"Feature","geometry":{"type":"Point","coordinates":[-73.9764602,40.7570823]},"properties":{"name":"422 Madison Avenue","address":"422 Madison Avenue Midtown East Manhattan","asset_class":"Office"}},{"type":"Feature","geometry":{"type":"Point","coordinates":[-73.9876727,40.7303323]},"properties":{"name":"127 East 10th Street","address":"127 East 10th Street East Village Manhattan","asset_class":"Multifamily - Walk-Up"}},{"type":"Feature","geometry":{"type":"Point","coordinates":[-73.966253,40.7573928]},"properties":{"name":"1026 Second Avenue","address":"1026 Second Avenue Midtown East Manhattan","asset_class":"Mixed-Use"}},{"type":"Feature","geometry":{"type":"Point","coordinates":[-73.9662389,40.7575747]},"properties":{"name":"1032 Second Avenue","address":"1032 Second Avenue Midtown East Manhattan","asset_class":"Mixed-Use"}},{"type":"Feature","geometry":{"type":"Point","coordinates":[-73.9615683,40.7661477]},"properties":{"name":"219-221 East 67th Street","address":"219-221 East 67th Street Upper East Side Manhattan","asset_class":"Conversion, Office"}},{"type":"Feature","geometry":{"type":"Point","coordinates":[-73.936497,40.799567]},"properties":{"name":"2331, 2333, 2335, 2337 Second Avenue, 246 East 120th Street","address":"2331, 2333, 2335, 2337 Second Avenue, 246 East 120th Street  Harlem Northern Manhattan 2331-2337 Second Avenue (1784 - 25-28) 246 East 120th Street (1784-128)","asset_class":"Multifamily - Walk-Up"}},{"type":"Feature","geometry":{"type":"Point","coordinates":[-73.9637885,40.7601484]},"properties":{"name":"308 East 59th Street","address":"308 East 59th Street  Midtown East Manhattan  --","asset_class":"Commercial, User"}},{"type":"Feature","geometry":{"type":"Point","coordinates":[-73.980762,40.757022]},"properties":{"name":"47 West 46th Street","address":"47 West 46th Street Midtown West Manhattan","asset_class":"Commercial, Retail"}},{"type":"Feature","geometry":{"type":"Point","coordinates":[-73.9691126,40.7598191]},"properties":{"name":"146-148 East 56th Street","address":"146-148 East 56th Street Midtown East Manhattan","asset_class":"Commercial, Retail"}},{"type":"Feature","geometry":{"type":"Point","coordinates":[-73.983258,40.7309288]},"properties":{"name":"221 First Avenue","address":"221 First Avenue  Lower East Side Manhattan","asset_class":"Mixed-Use"}},{"type":"Feature","geometry":{"type":"Point","coordinates":[-73.84246,40.655156]},"properties":{"name":"161-20 89th Street","address":"161-20 89th Street Jamaica Queens","asset_class":"Office"}},{"type":"Feature","geometry":{"type":"Point","coordinates":[-73.9779055,40.7425034]},"properties":{"name":"543 Second Avenue","address":"543 Second Avenue Murray Hill Manhattan","asset_class":"Mixed-Use"}},{"type":"Feature","geometry":{"type":"Point","coordinates":[-73.969489,40.754366]},"properties":{"name":"250-252 East 49th Street","address":"250-252 East 49th Street Midtown East Manhattan 250 East 49th Street (1322-129), 252 East 49th Street (1322-29)","asset_class":"Development, Hotel"}},{"type":"Feature","geometry":{"type":"Point","coordinates":[-73.9932413,40.7385244]},"properties":{"name":"17 West 17th Street","address":"17 West 17th Street Chelsea Manhattan","asset_class":"Commercial Condo"}},{"type":"Feature","geometry":{"type":"Point","coordinates":[-73.9787979,40.7457643]},"properties":{"name":"160-164 East 34th Street","address":"160-164 East 34th Street  Midtown East Manhattan","asset_class":"Development, Specialty-Use, Theater"}},{"type":"Feature","geometry":{"type":"Point","coordinates":[-73.9659527,40.8033004]},"properties":{"name":"109th Street Portfolio","address":"109th Street Portfolio  Upper West Side Manhattan 225 West 109th Street, 235 West 109th Street, 241-251 West 109th Street (1881 - 7-12, 15, 19)","asset_class":"Multifamily - Walk-Up, Note Sale, Portfolio"}},{"type":"Feature","geometry":{"type":"Point","coordinates":[-73.9688773,40.7556474]},"properties":{"name":"242 East 51st Street","address":"242 East 51st Street Midtown East Manhattan","asset_class":"Office"}},{"type":"Feature","geometry":{"type":"Point","coordinates":[-73.966237,40.7557417]},"properties":{"name":"329 East 52nd Street","address":"329 East 52nd Street Midtown East Manhattan","asset_class":"Multifamily - Walk-Up"}},{"type":"Feature","geometry":{"type":"Point","coordinates":[-73.965435,40.7600265]},"properties":{"name":"244 East 58th Street","address":"244 East 58th Street Midtown East Manhattan","asset_class":"Office, User"}},{"type":"Feature","geometry":{"type":"Point","coordinates":[-74.0028213,40.7197108]},"properties":{"name":"310 Canal Street","address":"310 Canal Street Chinatown Manhattan","asset_class":"Commercial, Retail"}},{"type":"Feature","geometry":{"type":"Point","coordinates":[-73.965125,40.7599921]},"properties":{"name":"1101 Second Avenue","address":"1101 Second Avenue Midtown East Manhattan","asset_class":"Mixed-Use"}},{"type":"Feature","geometry":{"type":"Point","coordinates":[-73.9729362,40.7874369]},"properties":{"name":"130 West 87th Street","address":"130 West 87th Street Upper West Side Manhattan","asset_class":"Multifamily - Walk-Up"}},{"type":"Feature","geometry":{"type":"Point","coordinates":[-73.9699945,40.7548949]},"properties":{"name":"229 East 49th Street","address":"229 East 49th Street Midtown East Manhattan","asset_class":"Mixed-Use"}},{"type":"Feature","geometry":{"type":"Point","coordinates":[-73.9803003,40.73654]},"properties":{"name":"Covert Portfolio","address":"Covert Portfolio  Gramercy Manhattan 150 West 82nd Street, 425 East 76th Street, 10 West 74th Street, 320 East 22nd Street, 26 Gramercy Park East Condo","asset_class":"Multifamily - Elevator, Portfolio"}},{"type":"Feature","geometry":{"type":"Point","coordinates":[-73.991913,40.745256]},"properties":{"name":"109-115 West 26th Street","address":"109-115 West 26th Street  Chelsea Manhattan","asset_class":"Retail Co-Op, User"}},{"type":"Feature","geometry":{"type":"Point","coordinates":[-73.993579,40.73901]},"properties":{"name":"26-30 West 18th Street","address":"26-30 West 18th Street Flatiron Manhattan","asset_class":"Development"}},{"type":"Feature","geometry":{"type":"Point","coordinates":[-74.0100999,40.7216575]},"properties":{"name":"408-410 Greenwich Street","address":"408-410 Greenwich Street TriBeCa Manhattan","asset_class":"Development"}},{"type":"Feature","geometry":{"type":"Point","coordinates":[-73.983258,40.7309288]},"properties":{"name":"221 First Avenue","address":"221 First Avenue  Lower East Side Manhattan","asset_class":"Mixed-Use"}},{"type":"Feature","geometry":{"type":"Point","coordinates":[-73.9361821,40.8492959]},"properties":{"name":"660 West 180th Street","address":"660 West 180th Street  Hudson Heights Bronx aka 4232 Broadway","asset_class":"Multifamily - Elevator"}},{"type":"Feature","geometry":{"type":"Point","coordinates":[-73.9783103,40.7464967]},"properties":{"name":"158 East 35th Street","address":"158 East 35th Street Murray Hill Manhattan","asset_class":"Office, User"}},{"type":"Feature","geometry":{"type":"Point","coordinates":[-73.936586,40.8489269]},"properties":{"name":"4220-28 Broadway","address":"4220-28 Broadway Hudson Heights Manhattan 661 West 179th Street","asset_class":"Multifamily - Walk-Up"}},{"type":"Feature","geometry":{"type":"Point","coordinates":[-73.957828,40.772207]},"properties":{"name":"213-215 East 76th Street","address":"213-215 East 76th Street Upper East Side Manhattan","asset_class":"Multifamily - Walk-Up"}},{"type":"Feature","geometry":{"type":"Point","coordinates":[-73.9670873,40.7724009]},"properties":{"name":"Simkowitz Portfolio","address":"Simkowitz Portfolio Harlem, Morningside Heights, Pelham, Pelham Parkway, Upper West Side, Washington Heights Manhattan, Northern Manhattan, Westchester 21 Fifth Avenue (elevator), 2160 & 2180 Wallace Avenue (elevator), 2181 Wallace Avenue,  2181 Barnes Avenue, 509  West 110th Street  & 515 West 110th Street (1882-20), 517 West 113th Street (1885-21), 603-611 West 140th Street (2088-27), 652-662 West 163rd Street (2136-225), 664-674 West 163rd Street (2136-220), 680-692 West End Avenue (1241-1)","asset_class":"Multifamily - Elevator, Portfolio"}},{"type":"Feature","geometry":{"type":"Point","coordinates":[-73.9608713,40.7610909]},"properties":{"name":"1115 -1119 First Avenue","address":"1115 -1119 First Avenue  Upper East Side  Manhattan 1115 First Avenue (1436-24), 1117-19 First Avenue (1436-25)","asset_class":"Development"}},{"type":"Feature","geometry":{"type":"Point","coordinates":[-73.9612537,40.7621208]},"properties":{"name":"345 East 62nd Street","address":"345 East 62nd Street Upper East Side Manhattan","asset_class":"Townhouse"}},{"type":"Feature","geometry":{"type":"Point","coordinates":[-73.9643663,40.8035381]},"properties":{"name":"509 Cathedral Parkway","address":"509 Cathedral Parkway Morningside Heights Northern Manhattan","asset_class":"Multifamily - Elevator"}},{"type":"Feature","geometry":{"type":"Point","coordinates":[-73.9791037,40.7545966]},"properties":{"name":"5 East 44th Street","address":"5 East 44th Street Midtown East Manhattan","asset_class":"Development, Office"}},{"type":"Feature","geometry":{"type":"Point","coordinates":[-73.9835371,40.7450343]},"properties":{"name":"43-45 East 30th Street","address":"43-45 East 30th Street Gramercy Manhattan","asset_class":"Conversion, Office"}},{"type":"Feature","geometry":{"type":"Point","coordinates":[-73.9942218,40.7269267]},"properties":{"name":"10-12 Bond Street","address":"10-12 Bond Street NoHo Manhattan","asset_class":"Development, Ground Lease"}},{"type":"Feature","geometry":{"type":"Point","coordinates":[-73.919124,40.831991]},"properties":{"name":"1100 Grand Concourse","address":"1100 Grand Concourse Concourse Bronx","asset_class":"Unsold Shares"}},{"type":"Feature","geometry":{"type":"Point","coordinates":[-73.9840627,40.7575283]},"properties":{"name":"135 West 45th Street","address":"135 West 45th Street Midtown West Manhattan 131, 135, 137-139 West 45th Street","asset_class":"Development"}},{"type":"Feature","geometry":{"type":"Point","coordinates":[-74.008815,40.717]},"properties":{"name":"36 Hudson Street","address":"36 Hudson Street TriBeCa Manhattan","asset_class":"Conversion, Office"}},{"type":"Feature","geometry":{"type":"Point","coordinates":[-73.967412,40.760951]},"properties":{"name":"968 Third Avenue","address":"968 Third Avenue  Midtown East Manhattan","asset_class":"Commercial, 12% interest"}},{"type":"Feature","geometry":{"type":"Point","coordinates":[-73.967412,40.760951]},"properties":{"name":"968 Third Avenue","address":"968 Third Avenue Midtown East Manhattan","asset_class":"Commercial, 7% interest"}},{"type":"Feature","geometry":{"type":"Point","coordinates":[-74.0088757,40.7169226]},"properties":{"name":"161 Duane Street","address":"161 Duane Street TriBeCa Manhattan","asset_class":"Commercial, Retail"}},{"type":"Feature","geometry":{"type":"Point","coordinates":[-73.9578731,40.7767205]},"properties":{"name":"1194 - 1202 Lexington Avenue","address":"1194 - 1202 Lexington Avenue Upper East Side Manhattan 1194 Lexington Avenue (1510-17),  1202 Lexington Avenue (1510-156)","asset_class":"Mixed-Use, Multifamily - Walk-Up"}},{"type":"Feature","geometry":{"type":"Point","coordinates":[-73.9794066,40.7278776]},"properties":{"name":"186-188 Avenue B","address":"186-188 Avenue B East Village Manhattan 186 Avenue B (405-34), 188 Avenue B (405-33)","asset_class":"Multifamily - Walk-Up"}},{"type":"Feature","geometry":{"type":"Point","coordinates":[-73.9805176,40.7577244]},"properties":{"name":"41 West 47th Street","address":"41 West 47th Street Midtown West Manhattan Gotham Bookmart","asset_class":"Commercial, Development, Retail"}},{"type":"Feature","geometry":{"type":"Point","coordinates":[-73.984837,40.7296018]},"properties":{"name":"332 East 11th Street","address":"332 East 11th Street East Village Manhattan","asset_class":"Mixed-Use, Multifamily - Walk-Up"}},{"type":"Feature","geometry":{"type":"Point","coordinates":[-73.951114,40.783211]},"properties":{"name":"1656-1660 Third Avenue","address":"1656-1660 Third Avenue Upper East Side Manhattan","asset_class":"Multifamily - Walk-Up"}},{"type":"Feature","geometry":{"type":"Point","coordinates":[-73.9912488,40.7469518]},"properties":{"name":"122 West 29th Street","address":"122 West 29th Street  Chelsea Manhattan","asset_class":"Commercial"}},{"type":"Feature","geometry":{"type":"Point","coordinates":[-73.9786348,40.7551537]},"properties":{"name":"9 East 45th Street","address":"9 East 45th Street Midtown East Manhattan","asset_class":"Office"}},{"type":"Feature","geometry":{"type":"Point","coordinates":[-73.9604075,40.8142985]},"properties":{"name":"176 -180 Claremont Avenue","address":"176 -180 Claremont Avenue Harlem Northern Manhattan","asset_class":"Multifamily - Elevator"}},{"type":"Feature","geometry":{"type":"Point","coordinates":[-73.936497,40.799567]},"properties":{"name":"2331, 2333, 2335, 2337 Second Avenue, 246 East 120th Street","address":"2331, 2333, 2335, 2337 Second Avenue, 246 East 120th Street Harlem Northern Manhattan 2331-2337 Second Avenue (1784 - 25-28) 246 East 120th Street (1784-128)","asset_class":"Multifamily - Walk-Up"}},{"type":"Feature","geometry":{"type":"Point","coordinates":[-73.935395,40.7099501]},"properties":{"name":"175 Bogart Street","address":"175 Bogart Street Bushwick Brooklyn","asset_class":"Industrial"}},{"type":"Feature","geometry":{"type":"Point","coordinates":[-73.9804303,40.7717147]},"properties":{"name":"15 & 15 1/2 West 64th Street","address":"15 & 15 1/2 West 64th Street Upper West Side Manhattan 15 West 64th Street (1117-24), 15 1/2 West 64th Street (1117-23)","asset_class":"Multifamily - Walk-Up"}},{"type":"Feature","geometry":{"type":"Point","coordinates":[-73.9815052,40.7416488]},"properties":{"name":"378 Third Avenue","address":"378 Third Avenue  Kips Bay Bronx","asset_class":"Commercial, Retail"}},{"type":"Feature","geometry":{"type":"Point","coordinates":[-73.972632,40.785296]},"properties":{"name":"505-507 Columbus Avenue","address":"505-507 Columbus Avenue  Upper West Side  Manhattan","asset_class":"Multifamily - Walk-Up"}},{"type":"Feature","geometry":{"type":"Point","coordinates":[-73.9833315,40.7464153]},"properties":{"name":"29 East 32nd Street","address":"29 East 32nd Street Murray Hill Manhattan","asset_class":"Office"}},{"type":"Feature","geometry":{"type":"Point","coordinates":[-73.9893154,40.7671597]},"properties":{"name":"451 West 54th Street","address":"451 West 54th Street Midtown West Manhattan","asset_class":"Mixed-Use"}},{"type":"Feature","geometry":{"type":"Point","coordinates":[-73.9196324,40.7432759]},"properties":{"name":"Metropolitan Portfolio","address":"Metropolitan Portfolio Elmhurst, Sunnyside Queens 40-15 Hampton Street, 40-25 Hampton Street, 40-35 Hampton Street, 40-45 Hampton Street, 45-35 44th Street, 84-49 Elmhurst Avenue, 85-05 Elmhurst Avenue","asset_class":"Multifamily - Elevator, Portfolio"}},{"type":"Feature","geometry":{"type":"Point","coordinates":[-73.949597,40.7960824]},"properties":{"name":"1274 Fifth Avenue","address":"1274 Fifth Avenue East Harlem Northern Manhattan","asset_class":"Multifamily - Elevator"}},{"type":"Feature","geometry":{"type":"Point","coordinates":[-73.9453215,40.835853]},"properties":{"name":"820-830 Riverside Drive","address":"820-830 Riverside Drive Washington Heights Northern Manhattan","asset_class":"Multifamily - Walk-Up"}},{"type":"Feature","geometry":{"type":"Point","coordinates":[-73.9907987,40.7278896]},"properties":{"name":"25 Cooper Square","address":"25 Cooper Square East Village Manhattan","asset_class":"Development"}},{"type":"Feature","geometry":{"type":"Point","coordinates":[-73.998475,40.6755321]},"properties":{"name":"Carroll Gardens Portfolio","address":"Carroll Gardens Portfolio Carroll Gardens Brooklyn 505 Court Street, 204 Huntington Street","asset_class":"Conversion, Multifamily - Elevator, Portfolio"}},{"type":"Feature","geometry":{"type":"Point","coordinates":[-73.9909717,40.7623321]},"properties":{"name":"417 West 47th Street","address":"417 West 47th Street Hell's Kitchen, Midtown West Manhattan","asset_class":"Multifamily - Walk-Up"}},{"type":"Feature","geometry":{"type":"Point","coordinates":[-73.9827554,40.7298683]},"properties":{"name":"202 First Avenue, 411 East 12th Street","address":"202 First Avenue, 411 East 12th Street East Village Manhattan need block & lot for both","asset_class":"Mixed-Use, Multifamily - Walk-Up"}},{"type":"Feature","geometry":{"type":"Point","coordinates":[-73.9566929,40.8215171]},"properties":{"name":"587 Riverside Drive","address":"587 Riverside Drive Hamilton Heights Northern Manhattan","asset_class":"Multifamily - Elevator"}},{"type":"Feature","geometry":{"type":"Point","coordinates":[-74.0023069,40.7079012]},"properties":{"name":"245 Water Street","address":"245 Water Street FiDi Manhattan","asset_class":"Industrial"}},{"type":"Feature","geometry":{"type":"Point","coordinates":[-73.8077882,40.7167483]},"properties":{"name":"82-65/75 Parsons Boulevard","address":"82-65/75 Parsons Boulevard Jamaica Queens","asset_class":"Retail"}},{"type":"Feature","geometry":{"type":"Point","coordinates":[-73.7725,40.6614577]},"properties":{"name":"146-27/35 167th Street","address":"146-27/35 167th Street Jamaica Queens","asset_class":"Industrial"}},{"type":"Feature","geometry":{"type":"Point","coordinates":[-73.980661,40.771366]},"properties":{"name":"14 & 16 West 64th Street","address":"14 & 16 West 64th Street Upper West Side Manhattan","asset_class":"Multifamily - Walk-Up"}},{"type":"Feature","geometry":{"type":"Point","coordinates":[-73.974499,40.787204]},"properties":{"name":"160 West 86th Street","address":"160 West 86th Street Upper West Side Manhattan","asset_class":"Commercial Condo"}},{"type":"Feature","geometry":{"type":"Point","coordinates":[-73.9410165,40.7919509]},"properties":{"name":"301 East 108th Street","address":"301 East 108th Street Harlem Northern Manhattan","asset_class":"Multifamily - Walk-Up"}},{"type":"Feature","geometry":{"type":"Point","coordinates":[-73.963747,40.7730126]},"properties":{"name":"39 East 74th Street","address":"39 East 74th Street Upper East Side Manhattan","asset_class":"Townhouse"}},{"type":"Feature","geometry":{"type":"Point","coordinates":[-73.9682281,40.7974618]},"properties":{"name":"842-844 Amsterdam Avenue","address":"842-844 Amsterdam Avenue Upper West Side Manhattan","asset_class":"Multifamily - Walk-Up"}},{"type":"Feature","geometry":{"type":"Point","coordinates":[-73.9744431,40.76262]},"properties":{"name":"724 Fifth Avenue","address":"724 Fifth Avenue  Midtown West  Manhattan","asset_class":"Commercial Condo"}},{"type":"Feature","geometry":{"type":"Point","coordinates":[-73.9678846,40.7687729]},"properties":{"name":"Eastside Portfolio - Macklowe","address":"Eastside Portfolio - Macklowe Midtown, Upper East Side Manhattan 192 -194 East 75th Street (1409-42), 25 East 67th Street aka 800 Madison Avenue (1382-17), 3 East 66th Street, 30 East 68th Street, 30 East End Avenue, 345 East 64th Street, 40 West 55th Street","asset_class":"Multifamily - Elevator, Portfolio"}},{"type":"Feature","geometry":{"type":"Point","coordinates":[-73.9705433,40.6809735]},"properties":{"name":"585 Dean Street","address":"585 Dean Street Prospect Heights Brooklyn","asset_class":"Development"}},{"type":"Feature","geometry":{"type":"Point","coordinates":[-73.991977,40.727072]},"properties":{"name":"358-364 Bowery","address":"358-364 Bowery Lower East Side Manhattan","asset_class":"Development"}},{"type":"Feature","geometry":{"type":"Point","coordinates":[-73.9602746,40.7799188]},"properties":{"name":"15 East 84th Street","address":"15 East 84th Street Upper East Side Manhattan","asset_class":"Civic, Cultural, Public Assemblage, User"}},{"type":"Feature","geometry":{"type":"Point","coordinates":[-73.9602011,40.8160755]},"properties":{"name":"550 Riverside Drive","address":"550 Riverside Drive Morningside Heights Northern Manhattan","asset_class":"Multifamily - Elevator"}},{"type":"Feature","geometry":{"type":"Point","coordinates":[-73.9754989,40.7915584]},"properties":{"name":"626-628 West End Avenue","address":"626-628 West End Avenue  Upper East Side Manhattan","asset_class":"Multifamily - Walk-Up"}},{"type":"Feature","geometry":{"type":"Point","coordinates":[-73.9781067,40.7554207]},"properties":{"name":"16 East 46th Street","address":"16 East 46th Street Midtown East Manhattan  --","asset_class":"Office, User"}},{"type":"Feature","geometry":{"type":"Point","coordinates":[-73.930971,40.8078521]},"properties":{"name":"2283-87 Third Avenue","address":"2283-87 Third Avenue East Harlem  Northern Manhattan 203 East 124th Street (1789-104)","asset_class":"Development"}},{"type":"Feature","geometry":{"type":"Point","coordinates":[-73.9312178,40.8084946]},"properties":{"name":"2279-81 Third Avenue","address":"2279-81 Third Avenue East Harlem  Northern Manhattan","asset_class":"Development"}},{"type":"Feature","geometry":{"type":"Point","coordinates":[-73.9252504,40.8613682]},"properties":{"name":"214 Hillside Avenue","address":"214 Hillside Avenue  Inwood Northern Manhattan","asset_class":"Mixed-Use"}},{"type":"Feature","geometry":{"type":"Point","coordinates":[-74.002343,40.7458529]},"properties":{"name":"410-412 West 22nd Street","address":"410-412 West 22nd Street  Chelsea Manhattan 329-442 West 22nd Street","asset_class":"Multifamily - Walk-Up"}},{"type":"Feature","geometry":{"type":"Point","coordinates":[-74.0032934,40.7462863]},"properties":{"name":"442 West 22nd Street","address":"442 West 22nd Street Chelsea Manhattan 329-442 West 22nd Street","asset_class":"Multifamily - Walk-Up, SRO"}},{"type":"Feature","geometry":{"type":"Point","coordinates":[-74.000152,40.745374]},"properties":{"name":"327-329 West 22nd Street","address":"327-329 West 22nd Street Chelsea Manhattan 327 West 22nd Street (746-22); 329-442 West 22nd Street","asset_class":"Multifamily - Walk-Up, SRO"}},{"type":"Feature","geometry":{"type":"Point","coordinates":[-74.0021497,40.7458253]},"properties":{"name":"402 West 22nd Street","address":"402 West 22nd Street  Chelsea Manhattan 329-442 West 22nd Street","asset_class":"Multifamily - Walk-Up"}},{"type":"Feature","geometry":{"type":"Point","coordinates":[-74.0007386,40.7397286]},"properties":{"name":"230 West 15th Street","address":"230 West 15th Street Chelsea Manhattan","asset_class":"Religious, User"}},{"type":"Feature","geometry":{"type":"Point","coordinates":[-74.0002811,40.7453945]},"properties":{"name":"331 West 22nd Street","address":"331 West 22nd Street Chelsea Manhattan 329-442 West 22nd Street","asset_class":"Multifamily - Walk-Up"}},{"type":"Feature","geometry":{"type":"Point","coordinates":[-74.0022199,40.7458487]},"properties":{"name":"406 West 22nd Street","address":"406 West 22nd Street Chelsea Manhattan 329-442 West 22nd Street","asset_class":"Multifamily - Walk-Up"}},{"type":"Feature","geometry":{"type":"Point","coordinates":[-73.9668694,40.7559997]},"properties":{"name":"309 East 52nd Street","address":"309 East 52nd Street Midtown East Manhattan","asset_class":"Multifamily - Walk-Up"}},{"type":"Feature","geometry":{"type":"Point","coordinates":[-73.9849528,40.7216329]},"properties":{"name":"255-263 East Houston Street, 171-173 Suffolk Street","address":"255-263 East Houston Street, 171-173 Suffolk Street Lower East Side Manhattan 255-263 East Houston Street (355-54), 171-173 Suffolk Street (355-59)","asset_class":"Development, Garage, Hospital"}},{"type":"Feature","geometry":{"type":"Point","coordinates":[-74.0351979,40.6226707]},"properties":{"name":"160 88th Street","address":"160 88th Street Bay Ridge Brooklyn","asset_class":"Multifamily - Walk-Up"}},{"type":"Feature","geometry":{"type":"Point","coordinates":[-73.9439627,40.8156251]},"properties":{"name":"2300 Seventh Avenue","address":"2300 Seventh Avenue Harlem Northern Manhattan 2303 Seventh Avenue (1941-30)","asset_class":"Multifamily - Walk-Up"}},{"type":"Feature","geometry":{"type":"Point","coordinates":[-73.9801811,40.7720954]},"properties":{"name":"Lipshitz & Vogel Estate Portfolio","address":"Lipshitz & Vogel Estate Portfolio Upper West Side Manhattan 425-29 Central Park West (1838-33), 10 West 65th Street (elevator)","asset_class":"Multifamily - Elevator, Portfolio"}},{"type":"Feature","geometry":{"type":"Point","coordinates":[-73.954926,40.773003]},"properties":{"name":"1510 Second Avenue","address":"1510 Second Avenue  Upper East Side Manhattan","asset_class":"Development, Mixed-Use"}},{"type":"Feature","geometry":{"type":"Point","coordinates":[-73.940319,40.791687]},"properties":{"name":"315-321 East 108th Street","address":"315-321 East 108th Street Harlem Northern Manhattan 315-317 East 108th Street (1680-11), 319-321 East 108th Street (1680-13)","asset_class":"Multifamily - Elevator"}},{"type":"Feature","geometry":{"type":"Point","coordinates":[-73.9490158,40.7953078]},"properties":{"name":"19 East 108th Street","address":"19 East 108th Street Harlem Northern Manhattan","asset_class":"Multifamily - Walk-Up"}},{"type":"Feature","geometry":{"type":"Point","coordinates":[-73.993666,40.7566204]},"properties":{"name":"528-530 Ninth Avenue","address":"528-530 Ninth Avenue  Midtown West Manhattan 528 Ninth Avenue (763-3), 530 Ninth Avenue (763-4)","asset_class":"Mixed-Use, Multifamily - Walk-Up"}},{"type":"Feature","geometry":{"type":"Point","coordinates":[-73.9614481,40.7608999]},"properties":{"name":"1111 First Avenue","address":"1111 First Avenue  Upper East Side Manhattan","asset_class":"Mixed-Use"}},{"type":"Feature","geometry":{"type":"Point","coordinates":[-73.9952318,40.7545009]},"properties":{"name":"Easterly blockfront of Ninth Avenue between 35th & 36th Streets","address":"Easterly blockfront of Ninth Avenue between 35th & 36th Streets  Hudson Yards, Midtown West Manhattan 450 - 464 Ninth Avenue","asset_class":"Development"}},{"type":"Feature","geometry":{"type":"Point","coordinates":[-74.0027579,40.7239776]},"properties":{"name":"386 West Broadway","address":"386 West Broadway SoHo Manhattan","asset_class":"Retail Condo"}},{"type":"Feature","geometry":{"type":"Point","coordinates":[-73.997145,40.732827]},"properties":{"name":"11-15 West 8th Street","address":"11-15 West 8th Street West Village Manhattan","asset_class":"Multifamily - Elevator"}},{"type":"Feature","geometry":{"type":"Point","coordinates":[-73.9641988,40.7615791]},"properties":{"name":"247 East 60th Street","address":"247 East 60th Street Upper East Side Manhattan","asset_class":"Mixed-Use"}},{"type":"Feature","geometry":{"type":"Point","coordinates":[-73.9564421,40.7711084]},"properties":{"name":"1450 Second Avenue","address":"1450 Second Avenue Upper East Side Manhattan","asset_class":"Multifamily - Elevator"}},{"type":"Feature","geometry":{"type":"Point","coordinates":[-73.9625016,40.7593824]},"properties":{"name":"1071 First Avenue","address":"1071 First Avenue Sutton Place Manhattan","asset_class":"Mixed-Use"}},{"type":"Feature","geometry":{"type":"Point","coordinates":[-73.97122,40.759544]},"properties":{"name":"The Off Park Portfolio","address":"The Off Park Portfolio Midtown East  Manhattan 119 East 54th Street (1309-7), 121 East 54th Street (1309-107), 116-118 East 55th Street (1309-65), 120 East 55th Street (1309-64)","asset_class":"Development, Portfolio, User"}},{"type":"Feature","geometry":{"type":"Point","coordinates":[-73.7473714,40.7640976]},"properties":{"name":"233-12/30 Northern Boulevard","address":"233-12/30 Northern Boulevard Douglaston Queens","asset_class":"Development"}},{"type":"Feature","geometry":{"type":"Point","coordinates":[-74.0048747,40.7498773]},"properties":{"name":"543-47 West 25th Street","address":"543-47 West 25th Street Chelsea Manhattan","asset_class":"Development, Garage"}},{"type":"Feature","geometry":{"type":"Point","coordinates":[-73.9688873,40.7887562]},"properties":{"name":"41 West 90th Street","address":"41 West 90th Street Upper West Side Manhattan","asset_class":"Multifamily - Walk-Up"}},{"type":"Feature","geometry":{"type":"Point","coordinates":[-73.9722531,40.7921916]},"properties":{"name":"Westerly blockfront of Amsterdam between 92nd and 93rd Streets","address":"Westerly blockfront of Amsterdam between 92nd and 93rd Streets Upper West Side Manhattan 201 West 92nd Street, 200 West 93rd Street aka 656-64 Amsterdam Avenue (1240-29), 666-74 Amsterdam Avenue (1240-36)","asset_class":"Development,  Multifamily - Elevator, Mixed-Use"}},{"type":"Feature","geometry":{"type":"Point","coordinates":[-73.8811779,40.7421534]},"properties":{"name":"82-55/65 Broadway","address":"82-55/65 Broadway Elmhurst Queens","asset_class":"Retail"}},{"type":"Feature","geometry":{"type":"Point","coordinates":[-73.969893,40.7874623]},"properties":{"name":"45 West 88th Street","address":"45 West 88th Street Upper West Side Manhattan","asset_class":"Multifamily - Walk-Up"}},{"type":"Feature","geometry":{"type":"Point","coordinates":[-73.9650706,40.6743217]},"properties":{"name":"Brooklyn Century Portfolio","address":"Brooklyn Century Portfolio Crown Heights, East Flatbush, Prospect Heights Brooklyn 391 Saint Johns Place, 392-406 Saint Johns Place, 1633-1647 Sterling Place, 1281-1291 Union Street, 2610-2624 Beverly Road (mixed-use)","asset_class":"Mixed-Use, Multifamily - Walk-Up, Portfolio"}},{"type":"Feature","geometry":{"type":"Point","coordinates":[-73.9914164,40.7466515]},"properties":{"name":"119-121 West 28th Street","address":"119-121 West 28th Street  Chelsea Manhattan","asset_class":"Development"}},{"type":"Feature","geometry":{"type":"Point","coordinates":[-73.7991953,40.7037439]},"properties":{"name":"Yellowstone Shopping Center (64-02 108th Street)","address":"Yellowstone Shopping Center (64-02 108th Street) Jamaica Queens  64-45 108th St","asset_class":"Development, Retail"}},{"type":"Feature","geometry":{"type":"Point","coordinates":[-73.9850295,40.7024877]},"properties":{"name":"220 Water Street","address":"220 Water Street DUMBO, Vinegar Hill Brooklyn","asset_class":"Conversion"}},{"type":"Feature","geometry":{"type":"Point","coordinates":[-73.995445,40.7328142]},"properties":{"name":"25 Fifth Avenue","address":"25 Fifth Avenue  West Village Manhattan","asset_class":"Conversion, Multifamily - Elevator"}},{"type":"Feature","geometry":{"type":"Point","coordinates":[-74.1110576,40.5680434]},"properties":{"name":"2582 Hylan Boulevard","address":"2582 Hylan Boulevard New Drop Beach  Staten Island","asset_class":"Development"}},{"type":"Feature","geometry":{"type":"Point","coordinates":[-73.9186821,40.8767853]},"properties":{"name":"500 Kappock Street","address":"500 Kappock Street Riverdale Bronx","asset_class":"Multifamily - Elevator"}},{"type":"Feature","geometry":{"type":"Point","coordinates":[-73.7992175,40.7055779]},"properties":{"name":"89-31 161st Street","address":"89-31 161st Street Jamaica Queens","asset_class":"Office"}},{"type":"Feature","geometry":{"type":"Point","coordinates":[-73.8495779,40.7324029]},"properties":{"name":"64-02 64-22 108th Street","address":"64-02 64-22 108th Street Forest Hills  Queens","asset_class":"Retail"}},{"type":"Feature","geometry":{"type":"Point","coordinates":[-74.0772927,40.6420952]},"properties":{"name":"25 Hyatt Street","address":"25 Hyatt Street St. George Staten Island","asset_class":"Office"}},{"type":"Feature","geometry":{"type":"Point","coordinates":[-73.9836861,40.7490876]},"properties":{"name":"373 Fifth Avenue","address":"373 Fifth Avenue  Murray Hill Manhattan","asset_class":"Commercial, Office"}},{"type":"Feature","geometry":{"type":"Point","coordinates":[-73.9690037,40.7565424]},"properties":{"name":"220 East 52nd Street","address":"220 East 52nd Street Midtown East Manhattan","asset_class":"Multifamily - Elevator"}},{"type":"Feature","geometry":{"type":"Point","coordinates":[-74.0101225,40.7227325]},"properties":{"name":"55 Vestry Street, 78-84 Laight Street","address":"55 Vestry Street, 78-84 Laight Street TriBeCa Manhattan","asset_class":"Development"}},{"type":"Feature","geometry":{"type":"Point","coordinates":[-73.964168,40.768965]},"properties":{"name":"117-119 East 69th Street","address":"117-119 East 69th Street Upper East Side Manhattan","asset_class":"Office"}},{"type":"Feature","geometry":{"type":"Point","coordinates":[-73.9324168,40.7757046]},"properties":{"name":"26-01/15 4th Street","address":"26-01/15 4th Street Astoria Queens","asset_class":"Development, Industrial"}},{"type":"Feature","geometry":{"type":"Point","coordinates":[-73.9546373,40.7418355]},"properties":{"name":"51-18 Vernon Boulevard","address":"51-18 Vernon Boulevard Long Island City Queens","asset_class":"Development"}},{"type":"Feature","geometry":{"type":"Point","coordinates":[-73.9704133,40.7662295]},"properties":{"name":"12 East 63rd Street","address":"12 East 63rd Street Upper East Side Manhattan","asset_class":"Townhouse"}},{"type":"Feature","geometry":{"type":"Point","coordinates":[-73.8300977,40.8494356]},"properties":{"name":"3111 Willow Lane","address":"3111 Willow Lane Pelham Bay Bronx","asset_class":"Multifamily - Walk-Up"}},{"type":"Feature","geometry":{"type":"Point","coordinates":[-74.0073468,40.7055464]},"properties":{"name":"122 Water Street","address":"122 Water Street FiDi Manhattan","asset_class":"Mixed-Use"}},{"type":"Feature","geometry":{"type":"Point","coordinates":[-73.9591559,40.7673034]},"properties":{"name":"1326 Second Avenue","address":"1326 Second Avenue Upper East Side Manhattan","asset_class":"Mixed-Use, Multifamily - Walk-Up"}},{"type":"Feature","geometry":{"type":"Point","coordinates":[-73.9713933,40.7909562]},"properties":{"name":"148-150-152 West 92nd Street","address":"148-150-152 West 92nd Street Upper West Side Manhattan 148 West 92nd Street (1222-54), 150 West 92nd Street (1222-55), 152 West 92nd Street (1222-56)","asset_class":"Multifamily - Walk-Up"}},{"type":"Feature","geometry":{"type":"Point","coordinates":[-73.7853866,40.9147055]},"properties":{"name":"35-45 May Street","address":"35-45 May Street New Rochelle Westchester","asset_class":"Multifamily - Elevator"}},{"type":"Feature","geometry":{"type":"Point","coordinates":[-73.9290658,40.8525546]},"properties":{"name":"529 West 187th Street","address":"529 West 187th Street Hudson Heights Northern Manhattan","asset_class":"Multifamily - Walk-Up"}},{"type":"Feature","geometry":{"type":"Point","coordinates":[-73.7890858,40.9205877]},"properties":{"name":"32 Coligni Avenue","address":"32 Coligni Avenue New Rochelle Westchester","asset_class":"Multifamily - Walk-Up"}},{"type":"Feature","geometry":{"type":"Point","coordinates":[-74.0007358,40.7435783]},"properties":{"name":"310 West 20th Street","address":"310 West 20th Street Chelsea Manhattan","asset_class":"Multifamily - Walk-Up, SRO"}},{"type":"Feature","geometry":{"type":"Point","coordinates":[-73.9697641,40.7874068]},"properties":{"name":"41 West 88th Street","address":"41 West 88th Street Upper West Side Manhattan","asset_class":"Multifamily - Walk-Up"}},{"type":"Feature","geometry":{"type":"Point","coordinates":[-73.9684816,40.7594094]},"properties":{"name":"922 Third Avenue","address":"922 Third Avenue Midtown East Manhattan","asset_class":"Mixed-Use"}},{"type":"Feature","geometry":{"type":"Point","coordinates":[-74.0047554,40.73468]},"properties":{"name":"201-205 & 207-209 West 11th Street","address":"201-205 & 207-209 West 11th Street West Village Manhattan 201-205 West 11th Street (614-61), 614-64 West 11th Street (614-64)","asset_class":"Multifamily - Elevator"}},{"type":"Feature","geometry":{"type":"Point","coordinates":[-73.9592706,40.8111986]},"properties":{"name":"515 & 525 West 122nd Street","address":"515 & 525 West 122nd Street Morningside Heights Northern Manhattan 515-519 West 122nd Street (1977-21), 521-23 West 122nd Street (1977-18)","asset_class":"Multifamily - Elevator"}},{"type":"Feature","geometry":{"type":"Point","coordinates":[-73.9643706,40.7614446]},"properties":{"name":"248-250 East 60th Street","address":"248-250 East 60th Street Lennox Hill Manhattan","asset_class":"Development"}},{"type":"Feature","geometry":{"type":"Point","coordinates":[-73.9945893,40.7581831]},"properties":{"name":"430-438 West 41st Street","address":"430-438 West 41st Street Midtown West Manhattan","asset_class":"Multifamily - Elevator"}},{"type":"Feature","geometry":{"type":"Point","coordinates":[-73.9428546,40.6386965]},"properties":{"name":"Vanderveer Estates","address":"Vanderveer Estates East Flatbush Brooklyn 59 buildings","asset_class":"Multifamily - Elevator, Portfolio"}},{"type":"Feature","geometry":{"type":"Point","coordinates":[-73.9564863,40.7806338]},"properties":{"name":"1055 Park Avenue","address":"1055 Park Avenue Upper East Side  Manhattan","asset_class":"Development"}},{"type":"Feature","geometry":{"type":"Point","coordinates":[-73.9659624,40.7602125]},"properties":{"name":"228 East 58th Street","address":"228 East 58th Street Midtown East Manhattan","asset_class":"Mixed-Use"}},{"type":"Feature","geometry":{"type":"Point","coordinates":[-73.9816733,40.7306806]},"properties":{"name":"420 East 14th Street","address":"420 East 14th Street East Village Manhattan 431 East 13th Street (441-46), 433 East 13th Street (441-45), 420 East 14th Street (441-17)","asset_class":"Development"}},{"type":"Feature","geometry":{"type":"Point","coordinates":[-73.9518912,40.7831757]},"properties":{"name":"155-157 East 92nd Street","address":"155-157 East 92nd Street Upper East Side Manhattan 155-157 East 92nd Street (1521-26), 159-161 East 92nd Street (1521-89), 163-65 East 92nd Street (1521-29)","asset_class":"Multifamily - Walk-Up"}},{"type":"Feature","geometry":{"type":"Point","coordinates":[-73.9539039,40.8094489]},"properties":{"name":"551-553 Manhattan Avenue","address":"551-553 Manhattan Avenue  Harlem Northern Manhattan","asset_class":"Multifamily - Walk-Up"}},{"type":"Feature","geometry":{"type":"Point","coordinates":[-73.9621638,40.7710676]},"properties":{"name":"1018 Lexington Avenue","address":"1018 Lexington Avenue Upper East Side Manhattan","asset_class":"Mixed-Use"}},{"type":"Feature","geometry":{"type":"Point","coordinates":[-73.9792495,40.7778607]},"properties":{"name":"111-117 West 72nd Street","address":"111-117 West 72nd Street Upper West Side Manhattan","asset_class":"Development, Office, Retail"}},{"type":"Feature","geometry":{"type":"Point","coordinates":[-73.9754545,40.7592238]},"properties":{"name":"14 East 52nd Street","address":"14 East 52nd Street Midtown East Manhattan","asset_class":"Conversion, Commercial, Mixed-Use, User"}},{"type":"Feature","geometry":{"type":"Point","coordinates":[-73.9921476,40.7148551]},"properties":{"name":"54-58 Canal Street","address":"54-58 Canal Street Chinatown, Lower East Side Manhattan","asset_class":"Commercial, Conversion"}},{"type":"Feature","geometry":{"type":"Point","coordinates":[-73.9516877,40.8265772]},"properties":{"name":"676-78 Riverside Drive","address":"676-78 Riverside Drive Hamilton Heights Northern Manhattan","asset_class":"Multifamily - Elevator"}},{"type":"Feature","geometry":{"type":"Point","coordinates":[-73.9764973,40.763399]},"properties":{"name":"37 West 56th Street","address":"37 West 56th Street Midtown West Manhattan","asset_class":"Development, Mixed-Use"}},{"type":"Feature","geometry":{"type":"Point","coordinates":[-73.978893,40.765356]},"properties":{"name":"151 West 57th Street","address":"151 West 57th Street Midtown West Manhattan","asset_class":"Development"}},{"type":"Feature","geometry":{"type":"Point","coordinates":[-73.974977,40.759813]},"properties":{"name":"The 53rd & Madison Portfolio","address":"The 53rd & Madison Portfolio Midtown East Manhattan 14 East 53rd Street (1288-62), 18 East 53rd Street (1288-61), 20 East 53rd Street (1288-57), 22 East 53rd Street (1288-56)","asset_class":"Development, Portfolio"}},{"type":"Feature","geometry":{"type":"Point","coordinates":[-73.9731651,40.7866183]},"properties":{"name":"120 West 86th Street","address":"120 West 86th Street Upper West Side Manhattan","asset_class":"Multifamily - Elevator"}},{"type":"Feature","geometry":{"type":"Point","coordinates":[-73.989699,40.747582]},"properties":{"name":"855-873 Avenue of the Americas","address":"855-873 Avenue of the Americas  Herald Square Manhattan 855-857 Avenue of the Americas (806-34), 859 Avenue of the Americas (806-36), 861-63 Avenue of the Americas (806-37), 865 Avenue of the Americas (806-39), 867-869 Avenue of the Americas (806-40), 871-73 Avenue of the Americas (806-43), 106-108 West 31st Street","asset_class":"Development"}},{"type":"Feature","geometry":{"type":"Point","coordinates":[-73.9845898,40.7822107]},"properties":{"name":"320 West 75th Street","address":"320 West 75th Street Upper West Side  Manhattan","asset_class":"Multifamily - Walk-Up"}},{"type":"Feature","geometry":{"type":"Point","coordinates":[-73.9688497,40.7552583]},"properties":{"name":"251 East 50th Street","address":"251 East 50th Street Midtown East Manhattan","asset_class":"Mixed-Use"}},{"type":"Feature","geometry":{"type":"Point","coordinates":[-73.9689186,40.7552873]},"properties":{"name":"249 East 50th Street","address":"249 East 50th Street Midtown East Manhattan  --","asset_class":"Development, Mixed-Use, User"}},{"type":"Feature","geometry":{"type":"Point","coordinates":[-73.9722964,40.7516765]},"properties":{"name":"235 East 44th Street","address":"235 East 44th Street Midtown East Manhattan","asset_class":"Air Rights, Commercial, Development"}},{"type":"Feature","geometry":{"type":"Point","coordinates":[-73.9613498,40.7623812]},"properties":{"name":"Portman Portfolio","address":"Portman Portfolio West Village, Upper East Side Manhattan 330 East 63rd Street aka 322-34 East 63rd Street (1437-41), 780 Greenwich Street aka 772-84 Greenwich Street (635-26)","asset_class":"Multifamily - Elevator, Portfolio"}},{"type":"Feature","geometry":{"type":"Point","coordinates":[-73.9873186,40.7399573]},"properties":{"name":"41-43 East 22nd Street","address":"41-43 East 22nd Street Flatiron Manhattan","asset_class":"Multifamily - Walk-Up"}},{"type":"Feature","geometry":{"type":"Point","coordinates":[-73.9874926,40.7694352]},"properties":{"name":"462 West 58th Street","address":"462 West 58th Street Midtown West Manhattan","asset_class":"Development"}},{"type":"Feature","geometry":{"type":"Point","coordinates":[-73.986389,40.735691]},"properties":{"name":"135-139 East 17th Street","address":"135-139 East 17th Street Gramercy Manhattan","asset_class":"Multifamily - Elevator"}},{"type":"Feature","geometry":{"type":"Point","coordinates":[-73.9841236,40.7273184]},"properties":{"name":"105-107 St. Marks Place","address":"105-107 St. Marks Place East Village Manhattan","asset_class":"Multifamily - Elevator"}},{"type":"Feature","geometry":{"type":"Point","coordinates":[-73.9985147,40.7256344]},"properties":{"name":"142-144 Greene Street","address":"142-144 Greene Street SoHo Manhattan","asset_class":"Conversion, Commercial, Office, User"}},{"type":"Feature","geometry":{"type":"Point","coordinates":[-73.9184261,40.81767]},"properties":{"name":"Sparrow Portfolio","address":"Sparrow Portfolio  South Bronx Bronx 1230, 1264, 1305, 1310, 1348, 1353 (walk-up), 1356, 1365, 1368 Sheridan Avenue (walk-up), 200 Marcy Place, 1197 (elevator), 1220, 1250 (walk-up), 2051 Grand Concourse","asset_class":"Multifamily - Elevator, Multifamily - Walk-up, Portfolio"}},{"type":"Feature","geometry":{"type":"Point","coordinates":[-73.7931849,40.705567]},"properties":{"name":"Home Depot Assemblage","address":"Home Depot Assemblage Jamaica Queens  92-11/47 Merrick Boulevard, 92-10/30 168th Street, 166-24 Jamaica Avenue","asset_class":"Development"}},{"type":"Feature","geometry":{"type":"Point","coordinates":[-73.9650786,40.5760102]},"properties":{"name":"Brighton Beach/Flatbush Portfolio","address":"Brighton Beach/Flatbush Portfolio Brighton Beach, Flatbush Brooklyn 219 Brightwater Court, 231 Brightwater Court, 3100 Brighton 2nd Street, 3130 Brighton 7th Street, 855 Ocean Avenue, 699-711 Ocean Avenue","asset_class":"Multifamily - Elevator, Portfolio"}},{"type":"Feature","geometry":{"type":"Point","coordinates":[-73.9571981,40.7739578]},"properties":{"name":"200 East 79th Street","address":"200 East 79th Street Upper East Side Manhattan","asset_class":"Development"}},{"type":"Feature","geometry":{"type":"Point","coordinates":[-73.975806,40.7777813]},"properties":{"name":"10 West 74th Street","address":"10 West 74th Street Upper West Side Manhattan","asset_class":"Multifamily - Elevator"}},{"type":"Feature","geometry":{"type":"Point","coordinates":[-73.9203735,40.705204]},"properties":{"name":"Sparrow Portfolio","address":"Sparrow Portfolio Bushwick  Brooklyn 61-62, 77, 83-85 Wyckoff Avenue, 1330-1342 Willoughby Avenue","asset_class":"Multifamily - Walk-Up, Portfolio"}},{"type":"Feature","geometry":{"type":"Point","coordinates":[-73.9475852,40.835206]},"properties":{"name":"779 Riverside Drive","address":"779 Riverside Drive Washington Heights Northern Manhattan","asset_class":"Multifamily - Elevator"}},{"type":"Feature","geometry":{"type":"Point","coordinates":[-73.8470083,40.7213272]},"properties":{"name":"69-33 Austin Street","address":"69-33 Austin Street Forest Hills  Queens","asset_class":"Commercial, Retail, User"}},{"type":"Feature","geometry":{"type":"Point","coordinates":[-73.970271,40.7912803]},"properties":{"name":"134 West 93rd Street","address":"134 West 93rd Street Upper West Side Manhattan","asset_class":"Multifamily - Elevator"}},{"type":"Feature","geometry":{"type":"Point","coordinates":[-73.983911,40.75752]},"properties":{"name":"131 West 45th Street","address":"131 West 45th Street Midtown West Manhattan","asset_class":"Development"}},{"type":"Feature","geometry":{"type":"Point","coordinates":[-73.9531283,40.7671972]},"properties":{"name":"1364 York Avenue","address":"1364 York Avenue Upper East Side Manhattan","asset_class":"Mixed-Use"}},{"type":"Feature","geometry":{"type":"Point","coordinates":[-73.9869334,40.5732057]},"properties":{"name":"2015 Boardwalk West","address":"2015 Boardwalk West Coney Island  Brooklyn","asset_class":"Development"}},{"type":"Feature","geometry":{"type":"Point","coordinates":[-73.9779065,40.7643688]},"properties":{"name":"102-108 West 57th Street","address":"102-108 West 57th Street Midtown West Manhattan 102-06 West 57th Street (1009-37), 108 West 57th Street (1009-39)","asset_class":"Commercial, Development, Retail, User"}},{"type":"Feature","geometry":{"type":"Point","coordinates":[-73.9645067,40.6742257]},"properties":{"name":"Next Century Portfolio","address":"Next Century Portfolio East Flatbush, Prospect Heights Brooklyn 272 Lincoln Place, 290 Lincoln Place, 403 St. John's Place, 2709 Clarendon Road","asset_class":"Multifamily - Walk-Up, Portfolio"}},{"type":"Feature","geometry":{"type":"Point","coordinates":[-73.9757233,40.7638159]},"properties":{"name":"31 West 57th Street","address":"31 West 57th Street Midtown West Manhattan","asset_class":"Development, Retail"}},{"type":"Feature","geometry":{"type":"Point","coordinates":[-73.8272029,40.705695]},"properties":{"name":"76th Road and 143rd Street","address":"76th Road and 143rd Street  Kew Gardens  Queens","asset_class":"Development"}},{"type":"Feature","geometry":{"type":"Point","coordinates":[-73.8943151,40.8846883]},"properties":{"name":"130 Van Cortlandt Avenue","address":"130 Van Cortlandt Avenue Riverdale Bronx","asset_class":"Multifamily - Elevator"}},{"type":"Feature","geometry":{"type":"Point","coordinates":[-74.001478,40.724631]},"properties":{"name":"153-155 Spring Street","address":"153-155 Spring Street SoHo Manhattan","asset_class":"Commercial, Office"}},{"type":"Feature","geometry":{"type":"Point","coordinates":[-73.9358465,40.8025994]},"properties":{"name":"206 East 124th Street","address":"206 East 124th Street Harlem Northern Manhattan","asset_class":"Multifamily - Walk-Up"}},{"type":"Feature","geometry":{"type":"Point","coordinates":[-73.9628295,40.762305]},"properties":{"name":"1176 Second Avenue","address":"1176 Second Avenue Upper East Side Manhattan","asset_class":"Retail Condo, User"}},{"type":"Feature","geometry":{"type":"Point","coordinates":[-73.9934977,40.7552573]},"properties":{"name":"330-342 West 38th Street","address":"330-342 West 38th Street Midtown West Manhattan","asset_class":"Commercial, Office, Retail"}},{"type":"Feature","geometry":{"type":"Point","coordinates":[-73.5707327,40.7588176]},"properties":{"name":"750 Broadway","address":"750 Broadway Hicksville Long Island","asset_class":"Retail"}},{"type":"Feature","geometry":{"type":"Point","coordinates":[-73.968102,40.754979]},"properties":{"name":"948-952 Second Avenue","address":"948-952 Second Avenue  Midtown East Manhattan 948-50 Second Avenue (1343-102) 40 x 70; 952 Second Avenue (1343-4) 20 x 70","asset_class":"Development"}},{"type":"Feature","geometry":{"type":"Point","coordinates":[-73.915361,40.8170171]},"properties":{"name":"2914 Third Avenue","address":"2914 Third Avenue  Harlem Northern Manhattan","asset_class":"Retail"}},{"type":"Feature","geometry":{"type":"Point","coordinates":[-74.0081905,40.7340388]},"properties":{"name":"140 Charles Street","address":"140 Charles Street West Village Manhattan","asset_class":"Retail Condo"}},{"type":"Feature","geometry":{"type":"Point","coordinates":[-73.9900695,40.7391446]},"properties":{"name":"901 Broadway","address":"901 Broadway  NoMad Manhattan","asset_class":"Mixed-Use, Retail"}},{"type":"Feature","geometry":{"type":"Point","coordinates":[-73.9861414,40.6916954]},"properties":{"name":"141-145 Lawrence Street","address":"141-145 Lawrence Street Downtown Brooklyn Brooklyn","asset_class":"Development"}},{"type":"Feature","geometry":{"type":"Point","coordinates":[-73.9598852,40.8140383]},"properties":{"name":"Columbia Portfolio aka Big Block Portfolio","address":"Columbia Portfolio aka Big Block Portfolio Morningside Heights Northern Manhattan 1268 Amsterdam Avenue (1977-33), 1270 Amsterdam Avenue (1977-34), 1272 Amsterdam Avenue (1977-35), 1274 Amsterdam Avenue (1977-36), 3139 Broadway aka 121 LaSalle (1993-73)","asset_class":"Mixed-Use, Multifamily - Walk-Up, Portfolio"}},{"type":"Feature","geometry":{"type":"Point","coordinates":[-74.009036,40.7270824]},"properties":{"name":"96 Greenwich Street","address":"96 Greenwich Street West Village Manhattan","asset_class":"Mixed-Use"}},{"type":"Feature","geometry":{"type":"Point","coordinates":[-73.9815052,40.7416488]},"properties":{"name":"378 Third Avenue","address":"378 Third Avenue  Kips Bay Manhattan","asset_class":"Commercial, Retail"}},{"type":"Feature","geometry":{"type":"Point","coordinates":[-74.0134639,40.7075429]},"properties":{"name":"44-46 Trinity Place","address":"44-46 Trinity Place FiDi Manhattan","asset_class":"Mixed-Use, User"}},{"type":"Feature","geometry":{"type":"Point","coordinates":[-73.8635392,40.7301016]},"properties":{"name":"95-36 Queens Boulevard","address":"95-36 Queens Boulevard Rego Park Queens","asset_class":"Commercial, Retail"}},{"type":"Feature","geometry":{"type":"Point","coordinates":[-73.8638419,40.7302529]},"properties":{"name":"95-26 Queens Boulevard","address":"95-26 Queens Boulevard Rego Park Queens","asset_class":"Commercial, Retail"}},{"type":"Feature","geometry":{"type":"Point","coordinates":[-73.9985737,40.7327231]},"properties":{"name":"171-173 MacDougal Street","address":"171-173 MacDougal Street West Village Manhattan","asset_class":"Development"}},{"type":"Feature","geometry":{"type":"Point","coordinates":[-74.0012021,40.7244045]},"properties":{"name":"145 SPRING STREET","address":"145 SPRING STREET SoHo Manhattan","asset_class":"Mixed-Use, Multifamily - Elevator"}},{"type":"Feature","geometry":{"type":"Point","coordinates":[-73.8684141,40.8501628]},"properties":{"name":"The Unionport Bronx Portfolio","address":"The Unionport Bronx Portfolio Bronxdale Bronx 1944 Unionport Road (elevator), 1954 Unionport Road (elevator), 1980 Unionport Road (walk-up), 733 Arnow Avenue (walk-up)","asset_class":"Multifamily - Elevator, Multifamily - Walk-Up, Portfolio"}},{"type":"Feature","geometry":{"type":"Point","coordinates":[-73.9527667,40.7666797]},"properties":{"name":"River Terrace Commercial","address":"River Terrace Commercial Upper East Side Manhattan 515 & 519 East 72nd Street, 510 East 73rd Street","asset_class":"Retail Condo"}},{"type":"Feature","geometry":{"type":"Point","coordinates":[-73.9682827,40.7983961]},"properties":{"name":"209 West 102nd Street","address":"209 West 102nd Street  Upper West Side Manhattan","asset_class":"Multifamily - Walk-Up"}},{"type":"Feature","geometry":{"type":"Point","coordinates":[-73.8566087,40.6901366]},"properties":{"name":"BF Group Portfolio (aka Bassuk Portfolio)","address":"BF Group Portfolio (aka Bassuk Portfolio) Jackson Heights, Richmond Hill, Sunnyside, Woodhaven,  Queens 35-25 & 35-35 95th Street, 43-38 47th Street (7 addresses associated with this building), 45-42 41st Street (elevator), 47-12 43rd Avenue, 47-21 41st Street (elevator), 84-23/25 85th Road, 87-24 115th Street, 90-19 88th Street, 94-05, 95-05, 94-19 35th Avenue (walk-up)","asset_class":"Multifamily - Elevator, Multifamily - Walk-Up, Portfolio"}},{"type":"Feature","geometry":{"type":"Point","coordinates":[-73.9578126,40.651974]},"properties":{"name":"BF Group Portfolio (aka Bassuk Portfolio)","address":"BF Group Portfolio (aka Bassuk Portfolio)  Bay Ridge, Brooklyn Heights, Midwood, Prospect Lefferts Gardens Brooklyn 136 Hicks Street (elevator), 252 74th Street (elevator), 30 Linden Boulevard (walk-up), 545 85th Street, 822 Ocean Avenue (elevator)","asset_class":"Multifamily - Elevator, Multifamily - Walk-Up, Portfolio"}},{"type":"Feature","geometry":{"type":"Point","coordinates":[-73.9565551,40.7735649]},"properties":{"name":"The Extell First Portfolio","address":"The Extell First Portfolio Eastside  Manhattan","asset_class":"Portfolio"}},{"type":"Feature","geometry":{"type":"Point","coordinates":[-73.9801625,40.7567717]},"properties":{"name":"29 West 46th Street","address":"29 West 46th Street Midtown West  Manhattan","asset_class":"Townhouse"}},{"type":"Feature","geometry":{"type":"Point","coordinates":[-74.0108436,40.7035474]},"properties":{"name":"66 Pearl Street","address":"66 Pearl Street  FiDi Manhattan","asset_class":"Mixed-Use, Retail Condo"}},{"type":"Feature","geometry":{"type":"Point","coordinates":[-73.924854,40.67281]},"properties":{"name":"St. Mary's Hospital","address":"St. Mary's Hospital Crown Heights Brooklyn","asset_class":"Conversion, Hospital"}},{"type":"Feature","geometry":{"type":"Point","coordinates":[-73.9971966,40.755687]},"properties":{"name":"439-43 West 36th Street","address":"439-43 West 36th Street  Midtown West Manhattan","asset_class":"Development, Industrial"}},{"type":"Feature","geometry":{"type":"Point","coordinates":[-73.9728575,40.7894084]},"properties":{"name":"171-177 West 89th Street","address":"171-177 West 89th Street Upper West Side Manhattan","asset_class":"Mixed-Use"}},{"type":"Feature","geometry":{"type":"Point","coordinates":[-73.9491945,40.6964072]},"properties":{"name":"547-51 Marcy Avenue, 97-99 Stockton Street","address":"547-51 Marcy Avenue, 97-99 Stockton Street  Bedford-Stuyvesant  Brooklyn 547-51 Marcy Avenue, 97-99 Stockton Street","asset_class":"Development"}},{"type":"Feature","geometry":{"type":"Point","coordinates":[-73.9840066,40.7661038]},"properties":{"name":"304 West 56th Street","address":"304 West 56th Street Midtown West Manhattan","asset_class":"Mixed-Use, Multifamily - Walk-Up"}},{"type":"Feature","geometry":{"type":"Point","coordinates":[-73.9887761,40.7316068]},"properties":{"name":"1754-68 Third Avenue","address":"1754-68 Third Avenue  Upper East Side Manhattan Confirmed in AB book (not highlighted)","asset_class":"Development"}},{"type":"Feature","geometry":{"type":"Point","coordinates":[-73.94647,40.7799336]},"properties":{"name":"403-05 East 91st Street","address":"403-05 East 91st Street  Upper East Side Manhattan","asset_class":"Commercial, User"}},{"type":"Feature","geometry":{"type":"Point","coordinates":[-73.9586402,40.7159192]},"properties":{"name":"155-159 North 4th Street","address":"155-159 North 4th Street Williamsburg Brooklyn","asset_class":"Development"}},{"type":"Feature","geometry":{"type":"Point","coordinates":[-73.9789407,40.7236327]},"properties":{"name":"94 Avenue C","address":"94 Avenue C East Village Manhattan","asset_class":"Mixed-Use"}},{"type":"Feature","geometry":{"type":"Point","coordinates":[-73.9965086,40.7260638]},"properties":{"name":"625 Broadway","address":"625 Broadway NoLIta Manhattan 192 Mercer Street","asset_class":"Office, Retail"}},{"type":"Feature","geometry":{"type":"Point","coordinates":[-73.972084,40.75172]},"properties":{"name":"227-29 East 44th Street","address":"227-29 East 44th Street Midtown East Manhattan","asset_class":"Commercial, Development, Retail"}},{"type":"Feature","geometry":{"type":"Point","coordinates":[-73.986721,40.7661387]},"properties":{"name":"828 Ninth Avenue","address":"828 Ninth Avenue  Midtown West Manhattan","asset_class":"Mixed-Use"}},{"type":"Feature","geometry":{"type":"Point","coordinates":[-73.9985813,40.7430811]},"properties":{"name":"239 West 20th Street","address":"239 West 20th Street Chelsea Manhattan","asset_class":"Multifamily - Walk-Up"}},{"type":"Feature","geometry":{"type":"Point","coordinates":[-73.9929614,40.6972704]},"properties":{"name":"115 Henry Street","address":"115 Henry Street Brooklyn Heights Brooklyn","asset_class":"Mixed-Use"}},{"type":"Feature","geometry":{"type":"Point","coordinates":[-73.9722964,40.7516765]},"properties":{"name":"235 East 44th Street","address":"235 East 44th Street Midtown East Manhattan","asset_class":"Commercial"}},{"type":"Feature","geometry":{"type":"Point","coordinates":[-73.9839294,40.7471327]},"properties":{"name":"160 Madison Avenue","address":"160 Madison Avenue Gramercy Manhattan","asset_class":"Development"}},{"type":"Feature","geometry":{"type":"Point","coordinates":[-73.9910094,40.7425679]},"properties":{"name":"39-41 West 23rd Street","address":"39-41 West 23rd Street Flatiron Manhattan","asset_class":"Development"}},{"type":"Feature","geometry":{"type":"Point","coordinates":[-73.9875336,40.7658755]},"properties":{"name":"811-15 Ninth Avenue","address":"811-15 Ninth Avenue  Midtown West Manhattan","asset_class":"Multifamily - Walk-Up"}},{"type":"Feature","geometry":{"type":"Point","coordinates":[-73.953652,40.780178]},"properties":{"name":"180 East 88th Street","address":"180 East 88th Street Upper East Side Manhattan","asset_class":"Development, Multifamily-Walk-Up"}},{"type":"Feature","geometry":{"type":"Point","coordinates":[-73.9167764,40.816545]},"properties":{"name":"Alcoma Portfolio","address":"Alcoma Portfolio Gramercy, Murray Hill, Midtown East, Midtown West, Upper East Side, Upper West Side Manhattan 115 East 72nd Street, 200 East 26th Street (aka 355 Third Avenue), 210 East 38th Street, 210-216 West 79th Street, 328-330 East 52nd Street, 701-703 Ninth Avenue, 525-534 West 23rd Street","asset_class":"Mixed-Use, Multifamily - Elevator, Multifamily - Walk-Up, Portfolio"}},{"type":"Feature","geometry":{"type":"Point","coordinates":[-74.0087443,40.7143354]},"properties":{"name":"37-39 Warren Street","address":"37-39 Warren Street TriBeCa Manhattan","asset_class":"Conversion, Office"}},{"type":"Feature","geometry":{"type":"Point","coordinates":[-74.0025698,40.7183989]},"properties":{"name":"394 Broadway","address":"394 Broadway TriBeCa Manhattan","asset_class":"Mixed-Use"}},{"type":"Feature","geometry":{"type":"Point","coordinates":[-73.975503,40.762147]},"properties":{"name":"13-21 West 55th Street","address":"13-21 West 55th Street Midtown West  Manhattan","asset_class":"Multifamily - Elevator"}},{"type":"Feature","geometry":{"type":"Point","coordinates":[-74.0040668,40.7246803]},"properties":{"name":"156-58 Sullivan Street","address":"156-58 Sullivan Street SoHo Manhattan","asset_class":"Mixed-Use"}},{"type":"Feature","geometry":{"type":"Point","coordinates":[-73.9917294,40.7005349]},"properties":{"name":"20 Henry Street","address":"20 Henry Street Brooklyn Heights Brooklyn","asset_class":"Conversion, Development"}},{"type":"Feature","geometry":{"type":"Point","coordinates":[-73.990598,40.7281407]},"properties":{"name":"37, 39 Cooper Square","address":"37, 39 Cooper Square East Village  Manhattan 37 Cooper Square (461-7), 39 Cooper Square (461-8)","asset_class":"Development, Vacant"}},{"type":"Feature","geometry":{"type":"Point","coordinates":[-74.0005238,40.7351815]},"properties":{"name":"37 Greenwich Avenue","address":"37 Greenwich Avenue  West Village Manhattan","asset_class":"Mixed-Use"}},{"type":"Feature","geometry":{"type":"Point","coordinates":[-73.9150474,40.7642384]},"properties":{"name":"2856-60 Steinway Street","address":"2856-60 Steinway Street Astoria Queens","asset_class":"Commercial, Retail"}},{"type":"Feature","geometry":{"type":"Point","coordinates":[-73.9906523,40.7280597]},"properties":{"name":"35 Cooper Square","address":"35 Cooper Square East Village  Manhattan","asset_class":"Development, Townhouse"}},{"type":"Feature","geometry":{"type":"Point","coordinates":[-73.8819242,40.845289]},"properties":{"name":"2112 Honeywell Avenue","address":"2112 Honeywell Avenue West Farms","asset_class":"Multifamily - Walk-Up"}},{"type":"Feature","geometry":{"type":"Point","coordinates":[-73.9537896,40.5859085]},"properties":{"name":"1600 Sheepshead Bay aka 1501 Voorhies Avenue","address":"1600 Sheepshead Bay aka 1501 Voorhies Avenue  Sheepshead Bay Brooklyn","asset_class":"Development"}},{"type":"Feature","geometry":{"type":"Point","coordinates":[-73.991188,40.7377284]},"properties":{"name":"11 East 17th Street","address":"11 East 17th Street Union Square Manhattan","asset_class":"Multifamily - Elevator"}},{"type":"Feature","geometry":{"type":"Point","coordinates":[-73.8570164,40.913752]},"properties":{"name":"1071 Yonkers Avenue","address":"1071 Yonkers Avenue  Southeast Yonkers Westchester","asset_class":"Mixed-Use"}},{"type":"Feature","geometry":{"type":"Point","coordinates":[-73.9900505,40.7305239]},"properties":{"name":"105 East 9th Street","address":"105 East 9th Street East Village Manhattan","asset_class":"Commercial"}},{"type":"Feature","geometry":{"type":"Point","coordinates":[-73.9701386,40.787567]},"properties":{"name":"53 West 88th Street","address":"53 West 88th Street Upper West Side Manhattan","asset_class":"Multifamily - Walk-Up"}},{"type":"Feature","geometry":{"type":"Point","coordinates":[-73.9033706,40.7633097]},"properties":{"name":"25-20 Brooklyn-Queens-Expressway","address":"25-20 Brooklyn-Queens-Expressway Flushing Queens","asset_class":"Industrial"}},{"type":"Feature","geometry":{"type":"Point","coordinates":[-73.9800028,40.7565626]},"properties":{"name":"19 West 46th Street","address":"19 West 46th Street Midtown West  Manhattan","asset_class":"Mixed-use"}},{"type":"Feature","geometry":{"type":"Point","coordinates":[-73.9775243,40.7656103]},"properties":{"name":"125 West 58th Street","address":"125 West 58th Street Midtown West Manhattan","asset_class":"Parking"}},{"type":"Feature","geometry":{"type":"Point","coordinates":[-73.9760757,40.794973]},"properties":{"name":"222 Riverside Drive","address":"222 Riverside Drive  Upper West Side Manhattan","asset_class":"Parking"}},{"type":"Feature","geometry":{"type":"Point","coordinates":[-73.782972,40.9161823]},"properties":{"name":"46 Park Place","address":"46 Park Place New Rochelle Westchester","asset_class":"Multifamily - Walk-Up"}},{"type":"Feature","geometry":{"type":"Point","coordinates":[-73.7905229,40.707182]},"properties":{"name":"169-07/09 Jamaica Avenue","address":"169-07/09 Jamaica Avenue  Jamaica Queens","asset_class":"Retail"}},{"type":"Feature","geometry":{"type":"Point","coordinates":[-73.998115,40.753532]},"properties":{"name":"431-435 West 33rd Street","address":"431-435 West 33rd Street Hudson Yards, Midtown West Manhattan","asset_class":"Development, Vacant"}},{"type":"Feature","geometry":{"type":"Point","coordinates":[-73.9726492,40.7544184]},"properties":{"name":"145-147 East 47th Street","address":"145-147 East 47th Street  Midtown East Manhattan World of Golf; 145 East 45th Street (1302-129) 5 story, 147 East 45th Street (1302-30) 4 story","asset_class":"Commercial, Development, Retail"}},{"type":"Feature","geometry":{"type":"Point","coordinates":[-73.9973593,40.5989382]},"properties":{"name":"8758 Bay Parkway, 159 Bay 29th Street","address":"8758 Bay Parkway, 159 Bay 29th Street  Bath Beach Brooklyn","asset_class":"Multifamily - Walk-Up"}},{"type":"Feature","geometry":{"type":"Point","coordinates":[-73.9938611,40.7350798]},"properties":{"name":"61 Fifth Avenue","address":"61 Fifth Avenue  West Village Manhattan 4 East 13th Street","asset_class":"Commercial, Development, Retail"}},{"type":"Feature","geometry":{"type":"Point","coordinates":[-73.9580917,40.7614558]},"properties":{"name":"445 East 63rd Street","address":"445 East 63rd Street Upper East Side  Manhattan","asset_class":"Parking"}},{"type":"Feature","geometry":{"type":"Point","coordinates":[-73.9695626,40.7551038]},"properties":{"name":"232 East 50th Street","address":"232 East 50th Street Midtown East  Manhattan","asset_class":"Mixed-Use, Multifamily - Walk-Up"}},{"type":"Feature","geometry":{"type":"Point","coordinates":[-73.8902494,40.7470989]},"properties":{"name":"75-03 Roosevelt Avenue","address":"75-03 Roosevelt Avenue  Jackson Heights Queens","asset_class":"Commercial, Mixed-Use, Retail"}},{"type":"Feature","geometry":{"type":"Point","coordinates":[-73.9369303,40.7985334]},"properties":{"name":"2301 Second Avenue","address":"2301 Second Avenue East Harlem Northern Manhattan The Ivy Condominium; 2301 Second Avenue (1783-21), 2303 Second Avenue (1783-22), 249 East 118th Street (1783-1220)","asset_class":"Commercial, Retail"}},{"type":"Feature","geometry":{"type":"Point","coordinates":[-73.9934364,40.7568773]},"properties":{"name":"538 Ninth Avenue","address":"538 Ninth Avenue  Garment District Manhattan","asset_class":"Development"}},{"type":"Feature","geometry":{"type":"Point","coordinates":[-73.9956387,40.7676608]},"properties":{"name":"635-37 West 51st Street","address":"635-37 West 51st Street Midtown West Manhattan 630 West 52nd Street","asset_class":"Industrial"}},{"type":"Feature","geometry":{"type":"Point","coordinates":[-74.0,41.0]},"properties":{"name":"West 49th Street Portfolio","address":"West 49th Street Portfolio  Hell's Kitchen, Midtown West Manhattan 308, 310, 318, 320, 322, 324, 326, 328, 330, 332, 336, 338, 340 West 49th Street","asset_class":"Multifamily - Walk-Up, Portfolio"}},{"type":"Feature","geometry":{"type":"Point","coordinates":[-73.9934595,40.7651726]},"properties":{"name":"534 West 50th Street","address":"534 West 50th Street Midtown West Manhattan","asset_class":"Multifamily - Walk-Up"}},{"type":"Feature","geometry":{"type":"Point","coordinates":[-73.9964557,40.7204819]},"properties":{"name":"380-388 Broome Street","address":"380-388 Broome Street NoLIta Manhattan","asset_class":"Multifamily - Walk-Up"}},{"type":"Feature","geometry":{"type":"Point","coordinates":[-73.9801811,40.7720954]},"properties":{"name":"10-32 West 65th Street","address":"10-32 West 65th Street Upper West Side Manhattan  --","asset_class":"Multifamily - Elevator, User"}},{"type":"Feature","geometry":{"type":"Point","coordinates":[-73.992054,40.694636]},"properties":{"name":"177 Montague Street","address":"177 Montague Street Brooklyn Heights Brooklyn","asset_class":"Retail"}},{"type":"Feature","geometry":{"type":"Point","coordinates":[-73.987346,40.750951]},"properties":{"name":"112-122 West 34th Street","address":"112-122 West 34th Street Herald Square, Penn Station Manhattan","asset_class":"Commercial, Office, Retail"}},{"type":"Feature","geometry":{"type":"Point","coordinates":[-73.9753997,40.7955007]},"properties":{"name":"230 Riverside Drive","address":"230 Riverside Drive  Upper West Side  Manhattan","asset_class":"Unsold Shares"}},{"type":"Feature","geometry":{"type":"Point","coordinates":[-73.9754989,40.7915584]},"properties":{"name":"626-628 West End Avenue","address":"626-628 West End Avenue  Upper West Side Manhattan","asset_class":"Multifamily - Walk-Up"}},{"type":"Feature","geometry":{"type":"Point","coordinates":[-73.986107,40.7181985]},"properties":{"name":"150, 152 - 154 Delancey Street","address":"150, 152 - 154 Delancey Street Lower East Side Manhattan 150 Delancey Street (348-36) 22 x 75 ; 2 story, 152-54 Delancey Street (348-34) 47 x 75, 1 story","asset_class":"Development"}},{"type":"Feature","geometry":{"type":"Point","coordinates":[-73.7980535,40.7039872]},"properties":{"name":"161-08/10 Jamaica Avenue","address":"161-08/10 Jamaica Avenue  Jamaica Queens","asset_class":"Commercial"}},{"type":"Feature","geometry":{"type":"Point","coordinates":[-73.9715916,40.7533692]},"properties":{"name":"212 East 47th Street / 211 East 46th Street","address":"212 East 47th Street / 211 East 46th Street Midtown East Manhattan","asset_class":"Garage Condo"}},{"type":"Feature","geometry":{"type":"Point","coordinates":[-73.8557337,40.8742539]},"properties":{"name":"3507 Laconia Avenue","address":"3507 Laconia Avenue  Williamsbridge Bronx","asset_class":"Multifamily - Walk-Up"}},{"type":"Feature","geometry":{"type":"Point","coordinates":[-73.932803,40.847612]},"properties":{"name":"The New 118th Upper Manhattan Portfolio","address":"The New 118th Upper Manhattan Portfolio  Washington Heights  Northern Manhattan 2180-2182 Amsterdam Avenue, 283-285 Audobon Avenue, 463-467 West 159th Street, 500 West 190th Street,  503-505 West 176th Street, 507 West 184th Street, 510-516 West 184th Street, 515 West 184th Street, 516-520 West 188th Street, 518-520 West 184th Street, 524 West 184th Street, 531 West 179th Street, 559-561 West 183rd Street, 704 West 180th Street, 70-72 Pinehurst Avenue","asset_class":"Mixed-Use, Multifamily - Walk-Up, Note Sale, Portfolio"}},{"type":"Feature","geometry":{"type":"Point","coordinates":[-73.9593119,40.7669246]},"properties":{"name":"301 East 69th Street","address":"301 East 69th Street Upper East Side Manhattan","asset_class":"Parking"}},{"type":"Feature","geometry":{"type":"Point","coordinates":[-73.9536976,40.8039692]},"properties":{"name":"221-25 West 116th Street","address":"221-25 West 116th Street Harlem West Manhattan","asset_class":"Commercial, Retail"}},{"type":"Feature","geometry":{"type":"Point","coordinates":[-73.8674592,40.7573934]},"properties":{"name":"101 Northern Boulevard","address":"101 Northern Boulevard Corona Queens","asset_class":"Mixed-Use"}},{"type":"Feature","geometry":{"type":"Point","coordinates":[-73.8949216,40.8631027]},"properties":{"name":"2538 Valentine Avenue","address":"2538 Valentine Avenue Fordham Bronx","asset_class":"Multifamily - Elevator"}},{"type":"Feature","geometry":{"type":"Point","coordinates":[-73.9475317,40.788848]},"properties":{"name":"169-175 East 101st Street","address":"169-175 East 101st Street Harlem Northern Manhattan","asset_class":"Multifamily - Walk-Up"}},{"type":"Feature","geometry":{"type":"Point","coordinates":[-73.9497928,40.655124]},"properties":{"name":"1303 Nostrand Avenue","address":"1303 Nostrand Avenue  Prospect Lefferts Gardens Brooklyn","asset_class":"Sponsored Residential Units"}},{"type":"Feature","geometry":{"type":"Point","coordinates":[-73.825765,40.7582036]},"properties":{"name":"41-40 Union Street","address":"41-40 Union Street Flushing Queens","asset_class":"Multifamily - Elevator"}},{"type":"Feature","geometry":{"type":"Point","coordinates":[-73.9605464,40.8013482]},"properties":{"name":"354 Cathedral Parkway","address":"354 Cathedral Parkway Upper West Side Manhattan","asset_class":"Multifamily - Walk-Up"}},{"type":"Feature","geometry":{"type":"Point","coordinates":[-73.9438792,40.7861279]},"properties":{"name":"326 East 100th Street","address":"326 East 100th Street Harlem Northern Manhattan","asset_class":"Multifamily - Walk-Up"}},{"type":"Feature","geometry":{"type":"Point","coordinates":[-73.9821938,40.7685167]},"properties":{"name":"421a Certificates","address":"421a Certificates  Manhattan","asset_class":"421a Certificates"}},{"type":"Feature","geometry":{"type":"Point","coordinates":[-73.9472151,40.789505]},"properties":{"name":"171 East 102nd Street","address":"171 East 102nd Street Harlem  Northern Manhattan","asset_class":"Multifamily - Walk-Up"}},{"type":"Feature","geometry":{"type":"Point","coordinates":[-73.9634464,40.8017949]},"properties":{"name":"109th Street Portfolio","address":"109th Street Portfolio  Upper West Side Manhattan 118 West 109th Street, 120 West 109th Street, 136 West 109th Street, 138 West 109th Street, 140 West 109th Street, 203 West 109th Street, 204 West 109th Street, 205 West 109th Street, 206 West 109th Street, 207 West 109th Street, 209 West 109th Street, 211 West 109th Street, 212 West 109th Street, 214 West 109th Street, 223-225 West 109th Street, 233-235 West 109th Street, 241 West 109th Street, 243 West 109th Street, 247 West 109th Street, 249 West 109th Street, 251 West 109th Street","asset_class":"Multifamily - Walk-Up, Note Sale, Portfolio"}},{"type":"Feature","geometry":{"type":"Point","coordinates":[-73.9288735,40.8604067]},"properties":{"name":"72-76 & 78-82 Ellwood Street","address":"72-76 & 78-82 Ellwood Street Washington Heights Northern Manhattan","asset_class":"Multifamily - Walk-Up"}},{"type":"Feature","geometry":{"type":"Point","coordinates":[-73.9778929,40.7653847]},"properties":{"name":"130 West 58th Street","address":"130 West 58th Street Midtown West Manhattan","asset_class":"Multifamily - Walk-Up"}},{"type":"Feature","geometry":{"type":"Point","coordinates":[-73.9972646,40.7386659]},"properties":{"name":"123 West 15th Street","address":"123 West 15th Street Chelsea Manhattan","asset_class":"Note Sale"}},{"type":"Feature","geometry":{"type":"Point","coordinates":[-73.9119489,40.8615243]},"properties":{"name":"Hudson Portfolio","address":"Hudson Portfolio University Heights Bronx 2254 Cedar Avenue, 2269 Hampden Place (both walkup)","asset_class":"Mixed-Use, Multifamily - Walk-up, Portfolio"}},{"type":"Feature","geometry":{"type":"Point","coordinates":[-73.9518764,40.7726918]},"properties":{"name":"UES Portfolio","address":"UES Portfolio  Upper East Side Manhattan 402 East 80th Street (1559-146), 1522 First Avenue (1559-50), 1667 First Avenue (1549-31)","asset_class":"Multifamily - Walk-Up, Portfolio"}},{"type":"Feature","geometry":{"type":"Point","coordinates":[-74.0,41.0]},"properties":{"name":"48 East 50th Street","address":"48 East 50th Street Midtown East Manhattan","asset_class":"Commercial, Retail"}},{"type":"Feature","geometry":{"type":"Point","coordinates":[-73.977895,40.7648784]},"properties":{"name":"115 West 57th Street","address":"115 West 57th Street Midtown West Manhattan","asset_class":"Mixed-Use"}},{"type":"Feature","geometry":{"type":"Point","coordinates":[-74.0,41.0]},"properties":{"name":"46 East 50th Street","address":"46 East 50th Street Midtown East Manhattan","asset_class":"Commercial, Retail"}},{"type":"Feature","geometry":{"type":"Point","coordinates":[-73.6511433,40.7908971]},"properties":{"name":"108 Warner Avenue","address":"108 Warner Avenue  Roslyn Heights Long Island","asset_class":"Mixed-Use"}},{"type":"Feature","geometry":{"type":"Point","coordinates":[-73.9900695,40.7391446]},"properties":{"name":"901 Broadway","address":"901 Broadway NoMad Manhattan Robert Brickman","asset_class":"Mixed-Use, Retail"}},{"type":"Feature","geometry":{"type":"Point","coordinates":[-73.9731088,40.7462558]},"properties":{"name":"645 First Avenue","address":"645 First Avenue Murray Hill  Manhattan The Corinthian - 345 East 37th Street","asset_class":"Parking"}},{"type":"Feature","geometry":{"type":"Point","coordinates":[-73.9523994,40.8253581]},"properties":{"name":"610 West 143rd Street","address":"610 West 143rd Street Hamilton Heights Northern Manhattan","asset_class":"Multifamily - Elevator"}},{"type":"Feature","geometry":{"type":"Point","coordinates":[-73.980322,40.7568259]},"properties":{"name":"33-35 West 46th Street","address":"33-35 West 46th Street Midtown West Manhattan","asset_class":"Commercial, Office, Retail"}},{"type":"Feature","geometry":{"type":"Point","coordinates":[-73.9729477,40.7895888]},"properties":{"name":"175 West 89th Street","address":"175 West 89th Street Upper West Side Manhattan","asset_class":"School, User"}},{"type":"Feature","geometry":{"type":"Point","coordinates":[-73.9728575,40.7894084]},"properties":{"name":"171 West 89th Street","address":"171 West 89th Street  Upper West Side Manhattan","asset_class":"Development, Garage, User"}},{"type":"Feature","geometry":{"type":"Point","coordinates":[-73.9799956,40.757044]},"properties":{"name":"26 West 47th Street","address":"26 West 47th Street Midtown West  Manhattan","asset_class":"Office, User"}},{"type":"Feature","geometry":{"type":"Point","coordinates":[-73.9802349,40.7567881]},"properties":{"name":"31 West 46th Street","address":"31 West 46th Street Midtown West Manhattan","asset_class":"Commercial, Retail"}},{"type":"Feature","geometry":{"type":"Point","coordinates":[-73.9475777,40.8271386]},"properties":{"name":"515-521 West 147th Street","address":"515-521 West 147th Street  Sugar Hill Northern Manhattan 515-17 West 147th Street (2079-21), 519-21 West 147th Street (2079-19)","asset_class":"Multifamily - Walk-Up"}},{"type":"Feature","geometry":{"type":"Point","coordinates":[-73.9226489,40.8687387]},"properties":{"name":"133 Seaman Avenue","address":"133 Seaman Avenue  Inwood Northern Manhattan","asset_class":"Multifamily - Elevator"}},{"type":"Feature","geometry":{"type":"Point","coordinates":[-73.9936331,40.7482542]},"properties":{"name":"215 West 29th Street","address":"215 West 29th Street  Chelsea Manhattan","asset_class":"Retail Condo"}},{"type":"Feature","geometry":{"type":"Point","coordinates":[-74.007032,40.7196857]},"properties":{"name":"16-18 North Moore Street","address":"16-18 North Moore Street TriBeCa Manhattan 16 North Moore Street (189-34), 18 North Moore Street (189-33)","asset_class":"Mixed-Use, Multifamily - Walk-Up"}},{"type":"Feature","geometry":{"type":"Point","coordinates":[-73.9649993,40.8004385]},"properties":{"name":"157-159 West 106th Street","address":"157-159 West 106th Street  Upper West Side  Manhattan","asset_class":"Multifamily - Walk-Up"}},{"type":"Feature","geometry":{"type":"Point","coordinates":[-73.9786954,40.66601]},"properties":{"name":"809 8th Avenue","address":"809 8th Avenue  Park Slope Brooklyn","asset_class":"Multifamily - Walk-Up"}},{"type":"Feature","geometry":{"type":"Point","coordinates":[-73.9471301,40.8366459]},"properties":{"name":"839, 845, 853 Riverside Drive","address":"839, 845, 853 Riverside Drive Washington Heights Northern Manhattan 839 Riverside Drive (2135-13), 845-49 Riverside Drive (2135-17)","asset_class":"Multifamily - Elevator"}},{"type":"Feature","geometry":{"type":"Point","coordinates":[-73.9542891,40.8224326]},"properties":{"name":"603-05 West 138th Street","address":"603-05 West 138th Street Harlem Northern Manhattan","asset_class":"Multifamily - Elevator"}},{"type":"Feature","geometry":{"type":"Point","coordinates":[-73.964809,40.7614371]},"properties":{"name":"236 East 60th Street","address":"236 East 60th Street Midtown East  Manhattan","asset_class":"Mixed-Use, User"}},{"type":"Feature","geometry":{"type":"Point","coordinates":[-73.9331157,40.8528837]},"properties":{"name":"256 Wadsworth Avenue","address":"256 Wadsworth Avenue  Hudson Heights Northern Manhattan","asset_class":"Multifamily - Walk-Up"}},{"type":"Feature","geometry":{"type":"Point","coordinates":[-74.0759251,40.6391887]},"properties":{"name":"130 Bay Street & 155 Bay Street","address":"130 Bay Street & 155 Bay Street St. George Staten Island","asset_class":"Mixed-Use, Note Sale"}},{"type":"Feature","geometry":{"type":"Point","coordinates":[-73.9636596,40.7659151]},"properties":{"name":"1128 Third Avenue","address":"1128 Third Avenue  Upper East Side  Manhattan","asset_class":"Mixed-Use"}},{"type":"Feature","geometry":{"type":"Point","coordinates":[-73.9194444,40.8658333]},"properties":{"name":"241 Sherman Avenue","address":"241 Sherman Avenue  Inwood Northern Manhattan","asset_class":"Mixed-Use"}},{"type":"Feature","geometry":{"type":"Point","coordinates":[-73.9844158,40.7455119]},"properties":{"name":"127 Madison Avenue","address":"127 Madison Avenue  NoMad Manhattan","asset_class":"Retail Condo"}},{"type":"Feature","geometry":{"type":"Point","coordinates":[-73.9397574,40.843694]},"properties":{"name":"633-35 West 171st Street","address":"633-35 West 171st Street  Washington Heights Northern Manhattan","asset_class":"Multifamily - Walk-Up"}},{"type":"Feature","geometry":{"type":"Point","coordinates":[-73.941484,40.827383]},"properties":{"name":"353-361 Edgecombe Avenue","address":"353-361 Edgecombe Avenue  Sugar Hill Northern Manhattan","asset_class":"Multifamily - Elevator"}},{"type":"Feature","geometry":{"type":"Point","coordinates":[-73.9400232,40.8361456]},"properties":{"name":"1041-45 St. Nicholas Avenue","address":"1041-45 St. Nicholas Avenue  Washington Heights Northern Manhattan 1041-45 St. Nicholas Avenue (2122-1), 530 West 163rd Street (2122-150), 1047-57 St. Nicholas Avenue (2122-153)","asset_class":"Mixed-Use, Multifamily - Elevator"}},{"type":"Feature","geometry":{"type":"Point","coordinates":[-73.9533885,40.7187183]},"properties":{"name":"214 N 11th Street","address":"214 N 11th Street Williamsburg Brooklyn","asset_class":"Multifamily - Elevator, Note Sale"}},{"type":"Feature","geometry":{"type":"Point","coordinates":[-74.0063459,40.709333]},"properties":{"name":"130 William Street","address":"130 William Street FiDi Manhattan 138-140 William Street","asset_class":"Office"}},{"type":"Feature","geometry":{"type":"Point","coordinates":[-73.9774395,40.749924]},"properties":{"name":"342 Lexington Avenue","address":"342 Lexington Avenue  Midtown East Manhattan","asset_class":"Commercial, Retail"}},{"type":"Feature","geometry":{"type":"Point","coordinates":[-73.9613766,40.7673447]},"properties":{"name":"1175 Third Avenue","address":"1175 Third Avenue  Upper East Side Manhattan","asset_class":"Retail Condo"}},{"type":"Feature","geometry":{"type":"Point","coordinates":[-73.7844685,40.6973506]},"properties":{"name":"109-01 Merrick Boulevard","address":"109-01 Merrick Boulevard Jamaica Queens","asset_class":"Multifamily - Elevator"}},{"type":"Feature","geometry":{"type":"Point","coordinates":[-73.9874794,40.7450608]},"properties":{"name":"256 Fifth Avenue","address":"256 Fifth Avenue  NoMad Manhattan","asset_class":"Office"}},{"type":"Feature","geometry":{"type":"Point","coordinates":[-74.0093573,40.7049488]},"properties":{"name":"5 Hanover Square","address":"5 Hanover Square  FiDi Manhattan","asset_class":"Office"}},{"type":"Feature","geometry":{"type":"Point","coordinates":[-74.0022481,40.7442365]},"properties":{"name":"356 West 20th Street","address":"356 West 20th Street  Chelsea Manhattan","asset_class":"Multifamily - Walk-Up"}},{"type":"Feature","geometry":{"type":"Point","coordinates":[-73.9448461,40.7764372]},"properties":{"name":"524-534 East 88th Street","address":"524-534 East 88th Street Upper East Side  Manhattan 524-30 East 88th Street (1584-35), 532-34 East 88th Street (1584-33)","asset_class":"Multifamily - Elevator"}},{"type":"Feature","geometry":{"type":"Point","coordinates":[-73.9397077,40.8238304]},"properties":{"name":"243 West 147th Street","address":"243 West 147th Street  Central Harlem Northern Manhattan 220 West 148th Street, 217 West 147th Street","asset_class":"Condominium"}},{"type":"Feature","geometry":{"type":"Point","coordinates":[-73.983919,40.758341]},"properties":{"name":"147-149 West 46th Street","address":"147-149 West 46th Street Midtown West  Manhattan 147 West 46th Street (999-111), 149 West 46th Street (999-11)","asset_class":"Commercial, Retail"}},{"type":"Feature","geometry":{"type":"Point","coordinates":[-73.9214652,40.8105789]},"properties":{"name":"308 Willis Avenue","address":"308 Willis Avenue  Mott Haven Bronx","asset_class":"Mixed-Use"}},{"type":"Feature","geometry":{"type":"Point","coordinates":[-74.1632809,40.8745687]},"properties":{"name":"Winthrop Court","address":"Winthrop Court Clifton New Jersey","asset_class":"Note Sale"}},{"type":"Feature","geometry":{"type":"Point","coordinates":[-73.9765865,40.7839632]},"properties":{"name":"164 West 81st Street","address":"164 West 81st Street  Upper West Side  Manhattan","asset_class":"Multifamily - Walk-Up"}},{"type":"Feature","geometry":{"type":"Point","coordinates":[-73.9744989,40.7529777]},"properties":{"name":"447-451 Lexington Avenue","address":"447-451 Lexington Avenue  Midtown East Manhattan","asset_class":"Development, Retail"}},{"type":"Feature","geometry":{"type":"Point","coordinates":[-74.00511,40.735154]},"properties":{"name":"Bleecker Street Luxury Retail Portfolio","address":"Bleecker Street Luxury Retail Portfolio West Village Manhattan 367-369 Bleecker Street, 382-384 Bleecker Street, 387 Bleecker Street","asset_class":"Portfolio, Retail Condo, Retail"}},{"type":"Feature","geometry":{"type":"Point","coordinates":[-73.9546782,40.7460165]},"properties":{"name":"5-33 47th Avenue","address":"5-33 47th Avenue  Long Island City Queens","asset_class":"Multifamily - Walk-Up"}},{"type":"Feature","geometry":{"type":"Point","coordinates":[-73.9795243,40.7355512]},"properties":{"name":"321-327 First Avenue, 356-358 East 19th Street","address":"321-327 First Avenue, 356-358 East 19th Street East Village Manhattan 321-327 First Avenue, 356-358 East 19th Street","asset_class":"Mixed-Use"}},{"type":"Feature","geometry":{"type":"Point","coordinates":[-73.9958144,40.7212516]},"properties":{"name":"197-199 Mott Street","address":"197-199 Mott Street NoLIta Manhattan","asset_class":"Commercial, Development, Retail"}},{"type":"Feature","geometry":{"type":"Point","coordinates":[-73.9255374,40.7657281]},"properties":{"name":"Nolan Family Portfolio aka Astoria Multifamily Portfolio","address":"Nolan Family Portfolio aka Astoria Multifamily Portfolio Astoria Queens 25-21 31st Avenue, 31-49 29th Street, 29-07 31st Avenue, 30-95 29th Street","asset_class":"Multifamily - Walk-Up, Portfolio"}},{"type":"Feature","geometry":{"type":"Point","coordinates":[-73.8929242,40.864436]},"properties":{"name":"2606-2616 Briggs Avenue","address":"2606-2616 Briggs Avenue  Fordham Manor Bronx","asset_class":"Note Sale"}},{"type":"Feature","geometry":{"type":"Point","coordinates":[-73.961028,40.6716952]},"properties":{"name":"225 Eastern Parkway","address":"225 Eastern Parkway Prospect Heights Brooklyn","asset_class":"Retail Condo"}},{"type":"Feature","geometry":{"type":"Point","coordinates":[-73.9966334,40.7561777]},"properties":{"name":"431-439 West 37th Street, 422-30 West 38th Street","address":"431-439 West 37th Street, 422-30 West 38th Street Midtown West Manhattan 431 West 37th Street (735-13) commercial, 433-39 West 37th Street (735-13), parking 99 spaces, 422-30 West 38th Street (735-55) vacant","asset_class":"Development"}},{"type":"Feature","geometry":{"type":"Point","coordinates":[-73.951035,40.708542]},"properties":{"name":"405-415 South 3rd Street","address":"405-415 South 3rd Street Williamsburg Brooklyn","asset_class":"Development"}},{"type":"Feature","geometry":{"type":"Point","coordinates":[-74.1131439,40.8007818]},"properties":{"name":"1000 Page Avenue","address":"1000 Page Avenue  Lyndhurst New Jersey","asset_class":"Note Sale"}},{"type":"Feature","geometry":{"type":"Point","coordinates":[-73.8638241,40.8883728]},"properties":{"name":"3961 Carpenter Avenue","address":"3961 Carpenter Avenue Wakefield Bronx","asset_class":"Multifamily - Walk-Up"}},{"type":"Feature","geometry":{"type":"Point","coordinates":[-73.94641,40.7929389]},"properties":{"name":"124-128 East 107th Street","address":"124-128 East 107th Street Harlem Northern Manhattan","asset_class":"Mixed-Use, Multifamily - Walk-Up"}},{"type":"Feature","geometry":{"type":"Point","coordinates":[-73.887524,40.6637116]},"properties":{"name":"645 Van Siclen Avenue aka 710 Hendrix Street","address":"645 Van Siclen Avenue aka 710 Hendrix Street East New York Manhattan","asset_class":"Community Facility"}},{"type":"Feature","geometry":{"type":"Point","coordinates":[-73.941376,40.833226]},"properties":{"name":"1973-77 Amsterdam Avenue","address":"1973-77 Amsterdam Avenue Washington Heights Northern Manhattan","asset_class":"Multifamily - Walk-Up"}},{"type":"Feature","geometry":{"type":"Point","coordinates":[-73.905555,40.858744]},"properties":{"name":"Milbank Portfolio aka North Bronx Portfolio","address":"Milbank Portfolio aka North Bronx Portfolio Fordham Heights, Fordham Manor, Kingsbridge, Parkchester, Williamsbridge Bronx 1576 Taylor Avenue (elevator), 2264 Grand Avenue, 2500 University Avenue (walk-up), 2505 Aqueduct Avenue (elevator), 2770 Kingsbridge Avenue, 2785 Sedgwick Avenue, 3018 Health Avenue, 3215 Holland Avenue, 686 Rosewood Street (walk-up), 75 West 190th Street","asset_class":"Multifamily - Elevator, Multifamily - Walk-Up, Note Sale, Portfolio"}},{"type":"Feature","geometry":{"type":"Point","coordinates":[-73.8876583,40.8540647]},"properties":{"name":"2334 Hughes Avenue","address":"2334 Hughes Avenue  Belmont, Little Italy Bronx","asset_class":"Note Sale"}},{"type":"Feature","geometry":{"type":"Point","coordinates":[-73.9970748,40.764253]},"properties":{"name":"612-18 West 47th Street","address":"612-18 West 47th Street Hell's Kitchen, Midtown West Manhattan","asset_class":"Development, Garage"}},{"type":"Feature","geometry":{"type":"Point","coordinates":[-73.6950268,40.5862371]},"properties":{"name":"969 W Beech Street","address":"969 W Beech Street Long Beach Long Island","asset_class":"Retail"}},{"type":"Feature","geometry":{"type":"Point","coordinates":[-74.0004721,40.7522168]},"properties":{"name":"356-366 Tenth Avenue","address":"356-366 Tenth Avenue  Hudson Yards, Midtown West Manhattan","asset_class":"Development"}},{"type":"Feature","geometry":{"type":"Point","coordinates":[-73.9731088,40.7462558]},"properties":{"name":"645 First Avenue","address":"645 First Avenue Murray Hill Manhattan The Corinthian - 345 East 37th Street","asset_class":"Commercial, Retail Condo"}},{"type":"Feature","geometry":{"type":"Point","coordinates":[-73.972217,40.789149]},"properties":{"name":"127 West 89th Street","address":"127 West 89th Street Upper West Side Manhattan","asset_class":"Unsold Shares"}},{"type":"Feature","geometry":{"type":"Point","coordinates":[-73.945987,40.828437]},"properties":{"name":"506 West 150th Street","address":"506 West 150th Street  Hamilton Heights Northern Manhattan","asset_class":"Multifamily - Walk-Up"}},{"type":"Feature","geometry":{"type":"Point","coordinates":[-73.9874105,40.7446072]},"properties":{"name":"1205-1225 Broadway","address":"1205-1225 Broadway  NoMad Manhattan 1205-13 Broadway (831-14) 3 story, 28 units, 33,165 sf; 1215-25 Broadway (831-64) 8 story office","asset_class":"Commercial, Development, Office, Retail"}},{"type":"Feature","geometry":{"type":"Point","coordinates":[-73.9681719,40.7640588]},"properties":{"name":"113 East 61st Street","address":"113 East 61st Street Upper East Side Manhattan","asset_class":"Townhouse"}},{"type":"Feature","geometry":{"type":"Point","coordinates":[-73.9621408,40.7124826]},"properties":{"name":"24, 56, 60 South 3rd Street","address":"24, 56, 60 South 3rd Street Williamsburg Brooklyn 24, 56, 60 South 3rd Street","asset_class":"Residential Condo"}},{"type":"Feature","geometry":{"type":"Point","coordinates":[-74.1444791,40.6297256]},"properties":{"name":"150 Trantor Place","address":"150 Trantor Place Port Richmond Staten Island","asset_class":"Multifamily - Walk-Up"}},{"type":"Feature","geometry":{"type":"Point","coordinates":[-73.9804786,40.7436547]},"properties":{"name":"147 East 30th Street","address":"147 East 30th Street Murray Hill Manhattan","asset_class":"Multifamily - Elevator"}},{"type":"Feature","geometry":{"type":"Point","coordinates":[-74.077876,40.642409]},"properties":{"name":"315-325 St. Marks Place","address":"315-325 St. Marks Place  St. George Staten Island","asset_class":"Development, Note Sale"}},{"type":"Feature","geometry":{"type":"Point","coordinates":[-73.9453298,40.8381034]},"properties":{"name":"666 West 162nd Street","address":"666 West 162nd Street Washington Heights Northern Manhattan","asset_class":"Multifamily - Elevator"}},{"type":"Feature","geometry":{"type":"Point","coordinates":[-73.9930218,40.7556124]},"properties":{"name":"333 West 38th Street","address":"333 West 38th Street Garment District Manhattan","asset_class":"Commercial, Development, Retail"}},{"type":"Feature","geometry":{"type":"Point","coordinates":[-74.0253828,40.7704101]},"properties":{"name":"The Thread","address":"The Thread Union City New Jersey 3312 Hudson Avenue","asset_class":"Note Sale, Unsold shares"}},{"type":"Feature","geometry":{"type":"Point","coordinates":[-73.962273,40.7709566]},"properties":{"name":"1012 Lexington Avenue","address":"1012 Lexington Avenue  Upper East Side Manhattan","asset_class":"Mixed-Use"}},{"type":"Feature","geometry":{"type":"Point","coordinates":[-73.9937711,40.6990294]},"properties":{"name":"50 Orange Street","address":"50 Orange Street Brooklyn Heights Brooklyn","asset_class":"Multifamily - Elevator"}},{"type":"Feature","geometry":{"type":"Point","coordinates":[-73.9621638,40.7710676]},"properties":{"name":"1018 Lexington Avenue","address":"1018 Lexington Avenue Upper East Side Manhattan","asset_class":"Commercial, Mixed-Use, Retail"}},{"type":"Feature","geometry":{"type":"Point","coordinates":[-74.1375528,40.6327981]},"properties":{"name":"380 Port Richmond Avenue","address":"380 Port Richmond Avenue  North Shore Staten Island","asset_class":"Commercial"}},{"type":"Feature","geometry":{"type":"Point","coordinates":[-73.9921946,40.7605311]},"properties":{"name":"414 West 45th Street","address":"414 West 45th Street Midtown West Manhattan","asset_class":"Industrial"}},{"type":"Feature","geometry":{"type":"Point","coordinates":[-73.9943764,40.7109147]},"properties":{"name":"19 Market Street","address":"19 Market Street East Village Manhattan","asset_class":"Community Facility"}},{"type":"Feature","geometry":{"type":"Point","coordinates":[-73.7676078,40.7110143]},"properties":{"name":"Jamaica-Hollis Portfolio","address":"Jamaica-Hollis Portfolio Hollis, Jamaica Queens 191-11 Woodhull Avenue (walk-up), 91-59 191st Street (Elevator), 148-88 88th Avenue (walk-up), 88-09 148th Street (elevator), 88-25 148th Street (elevator)","asset_class":"Multifamily - Elevator, Portfolio, Walk-Up"}},{"type":"Feature","geometry":{"type":"Point","coordinates":[-73.9753676,40.7870106]},"properties":{"name":"Amsterdam Columbus Portfolio","address":"Amsterdam Columbus Portfolio Harlem, Upper West Side Northern Manhattan, Manhattan  342 Manhattan Avenue, 924 Columbus Avenue, 926 Amsterdam Avenue, 926 Columbus Avenue , 928 Columbus Avenue, 929 Columbus Avenue, 931 Amsterdam Avenue, 932 Amsterdam Avenue, 934 Amsterdam Avenue, 943 Columbus Avenue, 953 Columbus Avenue, 961 Columbus Avenue, 964 Amsterdam Avenue, 965-67 Amsterdam Avenue, 969 Amsterdam Avenue, 971 Amsterdam Avenue, 973 Columbus Avenue","asset_class":"Mixed-Use, Multifamily - Walk-up, Portfolio"}},{"type":"Feature","geometry":{"type":"Point","coordinates":[-73.9463449,40.8344478]},"properties":{"name":"Broadway West Portfolio","address":"Broadway West Portfolio Hamilton Heights, Washington Heights Northern Manhattan 3421 Broadway (mixed-use), 610 West 157th Street, 3851 Broadway (mixed-use), 559 West 164th Street, 4141 Broadway (mixed-use), 4151 Broadway (mixed-use), 4180 Broadway (mixed-use)","asset_class":"Mixed-Use, Multifamily - Elevator, Portfolio"}},{"type":"Feature","geometry":{"type":"Point","coordinates":[-73.9957754,40.7263066]},"properties":{"name":"640 Broadway","address":"640 Broadway NoHo Manhattan","asset_class":"Conversion, Multifamily - Elevator"}},{"type":"Feature","geometry":{"type":"Point","coordinates":[-73.9269779,40.7713886]},"properties":{"name":"27-40 21st Street","address":"27-40 21st Street Astoria Queens","asset_class":"Commercial, Development"}},{"type":"Feature","geometry":{"type":"Point","coordinates":[-73.9662349,40.7615357]},"properties":{"name":"991 Third Avenue","address":"991 Third Avenue  Midtown East Manhattan","asset_class":"Commercial, Retail"}},{"type":"Feature","geometry":{"type":"Point","coordinates":[-73.9616511,40.7621289]},"properties":{"name":"333-339 East 62nd Street","address":"333-339 East 62nd Street Upper East Side Manhattan","asset_class":"Development"}},{"type":"Feature","geometry":{"type":"Point","coordinates":[-74.0099161,40.2231082]},"properties":{"name":"1003 Bond Street","address":"1003 Bond Street Asbury Park New Jersey","asset_class":"Note Sale"}},{"type":"Feature","geometry":{"type":"Point","coordinates":[-73.9598843,40.8148588]},"properties":{"name":"190 Claremont Avenue","address":"190 Claremont Avenue  Morningside Heights Northern Manhattan","asset_class":"Multifamily - Walk-Up"}},{"type":"Feature","geometry":{"type":"Point","coordinates":[-73.9964642,40.6975843]},"properties":{"name":"161 Columbia Heights","address":"161 Columbia Heights Brooklyn Heights Brooklyn","asset_class":"Multifamily - Walk-Up"}},{"type":"Feature","geometry":{"type":"Point","coordinates":[-73.4711008,40.6577232]},"properties":{"name":"17-25 Alhambra Road","address":"17-25 Alhambra Road Massapequa Long Island","asset_class":"Note Sale"}},{"type":"Feature","geometry":{"type":"Point","coordinates":[-73.9632025,40.7618795]},"properties":{"name":"301 East 61st Street","address":"301 East 61st Street Midtown East Manhattan","asset_class":"Development"}},{"type":"Feature","geometry":{"type":"Point","coordinates":[-73.9404892,40.8049007]},"properties":{"name":"100-102 East 124th Street","address":"100-102 East 124th Street Harlem Northern Manhattan","asset_class":"Development"}},{"type":"Feature","geometry":{"type":"Point","coordinates":[-73.9563576,40.737829]},"properties":{"name":"77 Commercial Street","address":"77 Commercial Street Greenpoint Brooklyn","asset_class":"Development"}},{"type":"Feature","geometry":{"type":"Point","coordinates":[-73.9967214,40.6969374]},"properties":{"name":"183 Columbia Heights","address":"183 Columbia Heights Brooklyn Heights Brooklyn","asset_class":"Multifamily - Elevator"}},{"type":"Feature","geometry":{"type":"Point","coordinates":[-73.9440646,40.8279296]},"properties":{"name":"Audobon Amsterdam","address":"Audobon Amsterdam  Sugar Hill Northern Manhattan 255 Audubon Avenue (Block 2132, lot 26), 2196 Amsterdam Ave (aka 501 West 169th Street), block 2126, lot 46","asset_class":"High-Rise Apartments"}},{"type":"Feature","geometry":{"type":"Point","coordinates":[-73.9452386,40.6639127]},"properties":{"name":"Central Brooklyn Portfolio","address":"Central Brooklyn Portfolio East Flatbush, Prospect Lefferts Gardens Brooklyn 350 Empire Boulevard (MF), 441 Brooklyn Avenue (mixed-use), 305 East 34th Street","asset_class":"Mixed-Use, Multifamily - Elevator, Portfolio"}},{"type":"Feature","geometry":{"type":"Point","coordinates":[-73.9978025,40.6752175]},"properties":{"name":"204 Huntington Street","address":"204 Huntington Street Carroll Gardens Brooklyn","asset_class":"Multifamily - Elevator"}},{"type":"Feature","geometry":{"type":"Point","coordinates":[-73.9814228,40.6710672]},"properties":{"name":"East Side/Village Portfolio","address":"East Side/Village Portfolio East Village, Park Slope, Upper East Side, West Village Brooklyn, Manhattan  104 East 7th Street, 438-440 East 13th Street, 234-238 East 33rd Street, 101 MacDougal Street, 410 East 64th Street, 319-321 East 78th Street, 233 East 82nd Street, 310 East 83rd Street, 325 East 83rd Street, 504 East 88th Street, 354-356 State Street","asset_class":"Mixed-Use, Multifamily - Walk-Up, Portfolio"}},{"type":"Feature","geometry":{"type":"Point","coordinates":[-73.897384,40.724004]},"properties":{"name":"66-29/35 58th Avenue","address":"66-29/35 58th Avenue Middle Village Queens","asset_class":"Residential"}},{"type":"Feature","geometry":{"type":"Point","coordinates":[-74.0053451,40.7178686]},"properties":{"name":"253 Church Street","address":"253 Church Street FiDi Manhattan Century Portfolio","asset_class":"Mixed-Use, Portfolio"}},{"type":"Feature","geometry":{"type":"Point","coordinates":[-74.0804517,40.6469888]},"properties":{"name":"224 Richmond Terrace","address":"224 Richmond Terrace St. George Staten Island","asset_class":"Multifamily - Elevator, Note Sale"}},{"type":"Feature","geometry":{"type":"Point","coordinates":[-74.000164,40.7543999]},"properties":{"name":"507-511 West 33rd Street","address":"507-511 West 33rd Street Hudson Yards, Midtown West Manhattan","asset_class":"Development"}},{"type":"Feature","geometry":{"type":"Point","coordinates":[-73.9841785,40.7584909]},"properties":{"name":"155 West 46th Street","address":"155 West 46th Street Midtown West, Times Square Manhattan","asset_class":"Commercial, Development, Retail"}},{"type":"Feature","geometry":{"type":"Point","coordinates":[-73.958688,40.7713744]},"properties":{"name":"206 East 75th Street","address":"206 East 75th Street  Upper East Side Manhattan","asset_class":"Multifamily - Walk-Up"}},{"type":"Feature","geometry":{"type":"Point","coordinates":[-73.9725553,40.638303]},"properties":{"name":"423 Ocean Parkway","address":"423 Ocean Parkway Kensington Brooklyn","asset_class":"Mixed-Use, Note Sale"}},{"type":"Feature","geometry":{"type":"Point","coordinates":[-73.8908077,40.6720542]},"properties":{"name":"361 Miller Avenue","address":"361 Miller Avenue  East New York Brooklyn","asset_class":"Multifamily - Walk-Up, Note Sale"}},{"type":"Feature","geometry":{"type":"Point","coordinates":[-73.8669077,40.8416318]},"properties":{"name":"601 Baker Avenue","address":"601 Baker Avenue  Van Nest Bronx","asset_class":"Multifamily - Walk-Up"}},{"type":"Feature","geometry":{"type":"Point","coordinates":[-73.9763544,40.7926215]},"properties":{"name":"313-315 West 91st Street","address":"313-315 West 91st Street Upper West Side Manhattan","asset_class":"Multifamily - Walk-Up"}},{"type":"Feature","geometry":{"type":"Point","coordinates":[-73.8761454,40.8401477]},"properties":{"name":"1125 East Tremont Avenue","address":"1125 East Tremont Avenue  East Tremont Bronx","asset_class":"Mixed-Use"}},{"type":"Feature","geometry":{"type":"Point","coordinates":[-73.958688,40.7713744]},"properties":{"name":"206 East 75th Street","address":"206 East 75th Street Upper East Side Manhattan","asset_class":"Multifamily - Walk-Up"}},{"type":"Feature","geometry":{"type":"Point","coordinates":[-74.063429,40.7293731]},"properties":{"name":"100 Newkirk Street","address":"100 Newkirk Street Jersey City New Jersey","asset_class":"Office"}},{"type":"Feature","geometry":{"type":"Point","coordinates":[-73.9617393,40.7707301]},"properties":{"name":"1007 Lexington Avenue","address":"1007 Lexington Avenue  Upper East Side Manhattan","asset_class":"Mixed-Use"}},{"type":"Feature","geometry":{"type":"Point","coordinates":[-73.96342,40.763241]},"properties":{"name":"230 East 63rd Street","address":"230 East 63rd Street Upper East Side Manhattan","asset_class":"Commercial, Development, Retail"}},{"type":"Feature","geometry":{"type":"Point","coordinates":[-73.9791464,40.7576124]},"properties":{"name":"16 West 48th Street","address":"16 West 48th Street Midtown West Manhattan","asset_class":"Retail Condo"}},{"type":"Feature","geometry":{"type":"Point","coordinates":[-73.907427,40.856678]},"properties":{"name":"2155 Grand Avenue","address":"2155 Grand Avenue  University Heights Bronx","asset_class":"Mixed-Use"}},{"type":"Feature","geometry":{"type":"Point","coordinates":[-74.0083356,40.7517746]},"properties":{"name":"199-02 12th Avenue","address":"199-02 12th Avenue Jamaica Queens  --","asset_class":"Conversion, User"}},{"type":"Feature","geometry":{"type":"Point","coordinates":[-73.9802908,40.5758968]},"properties":{"name":"1217 Surf Avenue","address":"1217 Surf Avenue Coney Island  Brooklyn","asset_class":"Mixed-use"}},{"type":"Feature","geometry":{"type":"Point","coordinates":[-73.9404127,40.8085474]},"properties":{"name":"2085 Fifth Avenue","address":"2085 Fifth Avenue  Harlem Northern Manhattan","asset_class":"Multifamily - Walk-Up"}},{"type":"Feature","geometry":{"type":"Point","coordinates":[-73.9418144,40.8478392]},"properties":{"name":"217-233 Haven Avenue","address":"217-233 Haven Avenue  Hudson Heights Northern Manhattan 217-25 Haven Avenue (2139-551), 227-33 Haven Avenue (2139-500)","asset_class":"Multifamily - Elevator, Note Sale"}},{"type":"Feature","geometry":{"type":"Point","coordinates":[-73.9684075,40.7099342]},"properties":{"name":"421 Kent Avenue","address":"421 Kent Avenue  Williamsburg Brooklyn","asset_class":"Development"}},{"type":"Feature","geometry":{"type":"Point","coordinates":[-73.9047045,40.8319396]},"properties":{"name":"Fordham Fulton Portfolio","address":"Fordham Fulton Portfolio  Fordham, Morissania Bronx Robert Fulton Terrace (530-540 East 169th Street), Fordham Towers (480 East 188th Street)","asset_class":"Multifamily - Elevator, Note Sale, Portfolio"}},{"type":"Feature","geometry":{"type":"Point","coordinates":[-73.9994717,40.7573853]},"properties":{"name":"541-545 West 37th Street, 540-548 West 38th Street","address":"541-545 West 37th Street, 540-548 West 38th Street  Hudson Yards, Midtown West Manhattan 541-43 West 37th Street (709-15) 3 story; 545 West 37th Street (709-14) 1 story; 540-42 West 38th Street (709-61) 5 story; 544-48 West 38th Street (709-63) 3 story","asset_class":"Development, Garage, Industrial"}},{"type":"Feature","geometry":{"type":"Point","coordinates":[-73.9302854,40.8167165]},"properties":{"name":"385 Gerard Avenue","address":"385 Gerard Avenue  Mott Haven Bronx","asset_class":"Commercial, Industrial"}},{"type":"Feature","geometry":{"type":"Point","coordinates":[-73.96195,40.6486837]},"properties":{"name":"25 Tennis Court","address":"25 Tennis Court  Prospect Park South Brooklyn","asset_class":"Multifamily - Elevator"}},{"type":"Feature","geometry":{"type":"Point","coordinates":[-73.9876984,40.7611202]},"properties":{"name":"308 West 48th Street","address":"308 West 48th Street Midtown West Manhattan","asset_class":"Multifamily - Walk-Up"}},{"type":"Feature","geometry":{"type":"Point","coordinates":[-73.9677394,40.756892]},"properties":{"name":"246 East 53rd Street","address":"246 East 53rd Street Midtown East Manhattan","asset_class":"Mixed-Use, Multifamily - Walk-Up"}},{"type":"Feature","geometry":{"type":"Point","coordinates":[-73.984133,40.745212]},"properties":{"name":"119-25 Madison Avenue & 27-29 East 30th Street","address":"119-25 Madison Avenue & 27-29 East 30th Street NoMad Manhattan 119-25 Madison Avenue (860-22), 27-29 East 30th Street (860-24)","asset_class":"Leasehold, Multifamily - Elevator"}},{"type":"Feature","geometry":{"type":"Point","coordinates":[-73.9664161,40.7629389]},"properties":{"name":"164 East 61st Street","address":"164 East 61st Street Midtown East Manhattan","asset_class":"Mixed-Use"}},{"type":"Feature","geometry":{"type":"Point","coordinates":[-73.949924,40.809329]},"properties":{"name":"Uptown Commercial Portfolio","address":"Uptown Commercial Portfolio  Harlem, Inwood, Washington Heights Northern Manhattan 246-248 West 125th Street (retail), 3410-3418 Broadway (retail, office), 3560 Broadway (commercial), 4168-4172 Broadway (retail, parking), 141-149 Dyckman Street (development), 177-185 Dyckman Street (retail)","asset_class":"Commercial, Development, Office, Parking Garage, Portfolio, Retail"}},{"type":"Feature","geometry":{"type":"Point","coordinates":[-73.9851465,40.7450165]},"properties":{"name":"110 Madison Avenue","address":"110 Madison Avenue NoMad Manhattan","asset_class":"Office"}},{"type":"Feature","geometry":{"type":"Point","coordinates":[-73.9464769,40.8115504]},"properties":{"name":"Broadway Retail Portfolio","address":"Broadway Retail Portfolio Harlem Northern Manhattan 3410-18 Broadway (2070-1); 547 West 138h Street (2070-4)","asset_class":"Portfolio, Retail"}},{"type":"Feature","geometry":{"type":"Point","coordinates":[-73.9415077,40.8251827]},"properties":{"name":"Bradhurst Retail Condo","address":"Bradhurst Retail Condo Harlem Northern Manhattan","asset_class":"Retail Condo"}},{"type":"Feature","geometry":{"type":"Point","coordinates":[-73.9544842,40.821716]},"properties":{"name":"Big Block Portfolio 2","address":"Big Block Portfolio 2  Hamilton Heights Northern Manhattan 601 West 137th Street aka 3381-3389 Broadway, 605 West 137th Street, 607 West 137th Street, 609 West 137th Street, 611 West 137th Street aka 600 Riverside Drive","asset_class":"Multifamily - Elevator, Portfolio"}},{"type":"Feature","geometry":{"type":"Point","coordinates":[-74.1269268,40.8625521]},"properties":{"name":"8-10 Lexington Avenue","address":"8-10 Lexington Avenue  Passaic New Jersey","asset_class":"Commercial"}},{"type":"Feature","geometry":{"type":"Point","coordinates":[-73.7905229,40.707182]},"properties":{"name":"169-07/09 Jamaica Avenue","address":"169-07/09 Jamaica Avenue  Jamaica Queens","asset_class":"Mixed-use"}},{"type":"Feature","geometry":{"type":"Point","coordinates":[-73.9698177,40.7523355]},"properties":{"name":"303 East 46th Street","address":"303 East 46th Street Midtown East Manhattan","asset_class":"Development, Mixed-Use"}},{"type":"Feature","geometry":{"type":"Point","coordinates":[-73.9541301,40.7783222]},"properties":{"name":"1511 Third Avenue","address":"1511 Third Avenue Upper East Side Manhattan","asset_class":"Retail"}},{"type":"Feature","geometry":{"type":"Point","coordinates":[-74.0054244,40.7177996]},"properties":{"name":"251 Church Street","address":"251 Church Street FiDi Manhattan Century Portfolio","asset_class":"Mixed-Use, Portfolio"}},{"type":"Feature","geometry":{"type":"Point","coordinates":[-74.4806133,40.7964035]},"properties":{"name":"45 South Park Place","address":"45 South Park Place Morristown New Jersey","asset_class":"Mixed-Use"}},{"type":"Feature","geometry":{"type":"Point","coordinates":[-73.57181,40.762075]},"properties":{"name":"735-765 Prospect Avenue","address":"735-765 Prospect Avenue Westbury","asset_class":"Mixed-Use"}},{"type":"Feature","geometry":{"type":"Point","coordinates":[-73.9652429,40.7556743]},"properties":{"name":"959 First Avenue","address":"959 First Avenue  Upper East Side  Manhattan","asset_class":"Development, Note Sale"}},{"type":"Feature","geometry":{"type":"Point","coordinates":[-73.855275,40.8986019]},"properties":{"name":"676 Nereid Avenue","address":"676 Nereid Avenue Wakefield Bronx","asset_class":"Multifamily - Walk-Up"}},{"type":"Feature","geometry":{"type":"Point","coordinates":[-73.9825438,40.7019808]},"properties":{"name":"99 Gold Street","address":"99 Gold Street Vinegar Hill Brooklyn","asset_class":"Multifamily - Elevator"}},{"type":"Feature","geometry":{"type":"Point","coordinates":[-74.009347,40.709193]},"properties":{"name":"8-10 Liberty Place","address":"8-10 Liberty Place FiDi Manhattan Century Portfolio","asset_class":"Mixed-Use, Portfolio"}},{"type":"Feature","geometry":{"type":"Point","coordinates":[-73.9838339,40.7271576]},"properties":{"name":"111 St. Marks Place","address":"111 St. Marks Place East Village Manhattan","asset_class":"Mixed-Use, Multifamily - Walk-Up"}},{"type":"Feature","geometry":{"type":"Point","coordinates":[-74.0123163,40.7048308]},"properties":{"name":"20 Beaver Street","address":"20 Beaver Street FiDi Manhattan Century Portfolio","asset_class":"Mixed-Use, Multifamily - Walk-Up, Portfolio"}},{"type":"Feature","geometry":{"type":"Point","coordinates":[-74.009271,40.7092776]},"properties":{"name":"16-18 Maiden Lane","address":"16-18 Maiden Lane FiDi Manhattan Century Portfolio","asset_class":"Mixed-Use, Portfolio"}},{"type":"Feature","geometry":{"type":"Point","coordinates":[-74.0091413,40.7090337]},"properties":{"name":"53 Nassau Street","address":"53 Nassau Street FiDi Manhattan Century Portfolio","asset_class":"Mixed-Use, Portfolio"}},{"type":"Feature","geometry":{"type":"Point","coordinates":[-74.0103676,40.7150629]},"properties":{"name":"77 Warren Street","address":"77 Warren Street TriBeCa Manhattan Century Portfolio","asset_class":"Mixed-Use, Portfolio"}},{"type":"Feature","geometry":{"type":"Point","coordinates":[-73.9694571,40.7921938]},"properties":{"name":"127 West 94th Street","address":"127 West 94th Street Upper West Side Manhattan","asset_class":"Commercial"}},{"type":"Feature","geometry":{"type":"Point","coordinates":[-73.9924462,40.7404629]},"properties":{"name":"19-25 West 20th Street","address":"19-25 West 20th Street Flatiron Manhattan","asset_class":"Development"}},{"type":"Feature","geometry":{"type":"Point","coordinates":[-73.9939475,40.7535857]},"properties":{"name":"321-325 West 35th Street, 326-328 West 36th Street","address":"321-325 West 35th Street, 326-328 West 36th Street Garment District Manhattan 321-323 West 35th Street (759-27) 2 story warehouse; 325 West 35th Street (759-26) 1 story garage 52x80; 326-328 West 36th Street (759-55) 2-story garage 83x98","asset_class":"Development, Garage, Industrial"}},{"type":"Feature","geometry":{"type":"Point","coordinates":[-74.0088782,40.7096815]},"properties":{"name":"20 John Street","address":"20 John Street FiDi Manhattan Century Portfolio","asset_class":"Mixed-Use, Portfolio"}},{"type":"Feature","geometry":{"type":"Point","coordinates":[-74.0067796,40.7108394]},"properties":{"name":"122 Nassau Street","address":"122 Nassau Street FiDi Manhattan Century Portfolio","asset_class":"Mixed-Use, Portfolio"}},{"type":"Feature","geometry":{"type":"Point","coordinates":[-73.992187,40.744883]},"properties":{"name":"110-112 West 26th Street","address":"110-112 West 26th Street Chelsea Manhattan Century Portfolio","asset_class":"Multifamily - Elevator, Portfolio"}},{"type":"Feature","geometry":{"type":"Point","coordinates":[-74.4819359,40.7966381]},"properties":{"name":"28 West Park Place","address":"28 West Park Place Morristown New Jersey","asset_class":"Mixed-Use"}},{"type":"Feature","geometry":{"type":"Point","coordinates":[-73.9896944,40.7240039]},"properties":{"name":"46 East 1st Street","address":"46 East 1st Street East Village Manhattan","asset_class":"Multifamily - Walk-Up"}},{"type":"Feature","geometry":{"type":"Point","coordinates":[-73.9768915,40.762288]},"properties":{"name":"44 West 55th Street","address":"44 West 55th Street Midtown West  Manhattan","asset_class":"Commercial, Office"}},{"type":"Feature","geometry":{"type":"Point","coordinates":[-73.9816989,40.7507323]},"properties":{"name":"Gray Block Portfolio","address":"Gray Block Portfolio Flatiron, Midtown East Manhattan 9 East 38th Street (868-12) (office), 14 East 39th Street (868-65) (commercial, retail), 912-920 Broadway (849-63) (office)","asset_class":"Commercial, Office, Portfolio"}},{"type":"Feature","geometry":{"type":"Point","coordinates":[-73.9543739,40.6098605]},"properties":{"name":"1645 East 19th Street","address":"1645 East 19th Street Sheepshead Bay Brooklyn","asset_class":"Mixed-Use"}},{"type":"Feature","geometry":{"type":"Point","coordinates":[-73.9907486,40.6182915]},"properties":{"name":"6601 18th Avenue","address":"6601 18th Avenue Bensonhurst Brooklyn","asset_class":"Retail"}},{"type":"Feature","geometry":{"type":"Point","coordinates":[-73.985888,40.718099]},"properties":{"name":"156-164 Delancey Street","address":"156-164 Delancey Street Lower East Side Manhattan","asset_class":"Retail"}},{"type":"Feature","geometry":{"type":"Point","coordinates":[-73.9826571,40.6883088]},"properties":{"name":"300 Livingston Street","address":"300 Livingston Street Downtown Brooklyn Brooklyn 33 Bond Street","asset_class":"Development"}},{"type":"Feature","geometry":{"type":"Point","coordinates":[-73.9839442,40.7240586]},"properties":{"name":"195, 199, 201 & 203 East 4th Street","address":"195, 199, 201 & 203 East 4th Street East Village Manhattan 195, 199, 201 & 203 East 4th Street","asset_class":"Multifamily - Walk-Up"}},{"type":"Feature","geometry":{"type":"Point","coordinates":[-73.9928568,40.7464463]},"properties":{"name":"149 West 27th Street","address":"149 West 27th Street Chelsea Manhattan","asset_class":"Commercial"}},{"type":"Feature","geometry":{"type":"Point","coordinates":[-73.9855426,40.7579747]},"properties":{"name":"567 Seventh Avenue","address":"567 Seventh Avenue  Fashion District, Times Square Manhattan","asset_class":"Commercial, NNN Leased"}},{"type":"Feature","geometry":{"type":"Point","coordinates":[-74.0033498,40.7171927]},"properties":{"name":"360-362 Broadway","address":"360-362 Broadway TriBeCa Manhattan Century Portfolio","asset_class":"Conversion, Mixed-Use, Portfolio"}},{"type":"Feature","geometry":{"type":"Point","coordinates":[-73.8686651,40.8646714]},"properties":{"name":"Ollinville Avenue Portfolio","address":"Ollinville Avenue Portfolio  Bronxdale Bronx 2515 (elevator), 2531, 2541, 2545 Olinville Avenue (walk-up)","asset_class":"Multifamily - Elevator, Multifamily - Walk-Up, Portfolio"}},{"type":"Feature","geometry":{"type":"Point","coordinates":[-73.931922,40.66413]},"properties":{"name":"418 Utica Avenue","address":"418 Utica Avenue Crown Heights Brooklyn","asset_class":"Development, Mixed-Use, Retail"}},{"type":"Feature","geometry":{"type":"Point","coordinates":[-73.9828972,40.6872233]},"properties":{"name":"401 State Street","address":"401 State Street Boerum Hill Brooklyn","asset_class":"Development, Mixed-Use"}},{"type":"Feature","geometry":{"type":"Point","coordinates":[-74.0135011,40.7084978]},"properties":{"name":"106 Greenwich Street","address":"106 Greenwich Street FiDi Manhattan","asset_class":"Mixed-Use"}},{"type":"Feature","geometry":{"type":"Point","coordinates":[-73.9801907,40.7666707]},"properties":{"name":"211 West 58th Street","address":"211 West 58th Street Upper West Side  Manhattan","asset_class":"Mixed-Use"}},{"type":"Feature","geometry":{"type":"Point","coordinates":[-73.9656572,40.801521]},"properties":{"name":"203 West 107th Street","address":"203 West 107th Street Upper West Side  Manhattan","asset_class":"Multifamily - Elevator"}},{"type":"Feature","geometry":{"type":"Point","coordinates":[-74.009792,40.7169779]},"properties":{"name":"174 Duane Street","address":"174 Duane Street TriBeCa Manhattan Century Portfolio","asset_class":"Conversion, Mixed-Use, Portfolio"}},{"type":"Feature","geometry":{"type":"Point","coordinates":[-73.9928889,40.7295964]},"properties":{"name":"736 Broadway","address":"736 Broadway  NoHo Manhattan","asset_class":"Conversion"}},{"type":"Feature","geometry":{"type":"Point","coordinates":[-73.9926867,40.7435219]},"properties":{"name":"727 Sixth Avenue","address":"727 Sixth Avenue Chelsea Manhattan","asset_class":"Commercial, Conversion, Retail"}},{"type":"Feature","geometry":{"type":"Point","coordinates":[-73.980004,40.7820311]},"properties":{"name":"206-210 West 77th Street","address":"206-210 West 77th Street Upper West Side  Manhattan","asset_class":"Development, Garage"}},{"type":"Feature","geometry":{"type":"Point","coordinates":[-75.1617131,39.9503686]},"properties":{"name":"1232 Chestnut Street","address":"1232 Chestnut Street Philadelphia Pennsylvania","asset_class":"Mixed-Use"}},{"type":"Feature","geometry":{"type":"Point","coordinates":[-73.9800815,40.7228271]},"properties":{"name":"67 Avenue C","address":"67 Avenue C East Village Manhattan","asset_class":"Commercial, Development, Mixed-Use"}},{"type":"Feature","geometry":{"type":"Point","coordinates":[-74.0256793,40.620865]},"properties":{"name":"526-528 86th Street & 514 86th Street","address":"526-528 86th Street & 514 86th Street Bay Ridge Brooklyn","asset_class":"Mixed-Use"}},{"type":"Feature","geometry":{"type":"Point","coordinates":[-73.9930082,40.7441192]},"properties":{"name":"113-117 West 24th Street","address":"113-117 West 24th Street Chelsea Manhattan","asset_class":"Development"}},{"type":"Feature","geometry":{"type":"Point","coordinates":[-73.884268,40.8496189]},"properties":{"name":"770-780 Garden Street","address":"770-780 Garden Street Belmont Bronx","asset_class":"Multifamily - Elevator"}},{"type":"Feature","geometry":{"type":"Point","coordinates":[-73.9422809,40.8454966]},"properties":{"name":"135-143 Haven Avenue","address":"135-143 Haven Avenue Washington Heights Northern Manhattan","asset_class":"Multifamily - Walk-Up"}},{"type":"Feature","geometry":{"type":"Point","coordinates":[-74.010247,40.71727]},"properties":{"name":"188-190 Duane Street","address":"188-190 Duane Street TriBeCa Manhattan Century Portfolio","asset_class":"Mixed-Use, Portfolio"}},{"type":"Feature","geometry":{"type":"Point","coordinates":[-73.9926957,40.7443203]},"properties":{"name":"112-11 West 25th Street","address":"112-11 West 25th Street Chelsea Manhattan","asset_class":"Development, Garage"}},{"type":"Feature","geometry":{"type":"Point","coordinates":[-73.9945418,40.75526]},"properties":{"name":"484 & 492-494 Ninth Avenue","address":"484 & 492-494 Ninth Avenue  Hudson Yards, Midtown West Manhattan 484 & 492-494 Ninth Avenue","asset_class":"Mixed-Use"}},{"type":"Feature","geometry":{"type":"Point","coordinates":[-73.9888727,40.6710799]},"properties":{"name":"202 8th Street","address":"202 8th Street Park Slope Brooklyn","asset_class":"Multifamily - Elevator"}},{"type":"Feature","geometry":{"type":"Point","coordinates":[-73.9770342,40.7513864]},"properties":{"name":"110 East 42nd Street","address":"110 East 42nd Street Midtown East Manhattan","asset_class":"Parking Condo"}},{"type":"Feature","geometry":{"type":"Point","coordinates":[-73.9940933,40.7477365]},"properties":{"name":"215-219 West 28th Street","address":"215-219 West 28th Street Chelsea Manhattan 215 West 28th Street (778-31) 4-story store, 217 West 28th Street (778-30) parking lot, 219 West 28th Street (778-29) garage","asset_class":"Development, Garage, Retail"}},{"type":"Feature","geometry":{"type":"Point","coordinates":[-73.9211151,40.830558]},"properties":{"name":"1027 Grand Concourse","address":"1027 Grand Concourse Concourse Bronx","asset_class":"Multifamily - Elevator"}},{"type":"Feature","geometry":{"type":"Point","coordinates":[-73.793435,40.591965]},"properties":{"name":"316 Beach 65th Street","address":"316 Beach 65th Street Far Rockaway Queens","asset_class":"Specialty-Use (Rehab Center)"}},{"type":"Feature","geometry":{"type":"Point","coordinates":[-73.9912488,40.7469518]},"properties":{"name":"122 West 29th Street","address":"122 West 29th Street  Chelsea Manhattan  aka 1204 Broadway Settlement","asset_class":"Commercial"}},{"type":"Feature","geometry":{"type":"Point","coordinates":[-73.9588539,40.6802593]},"properties":{"name":"1007-1011 Atlantic Avenue","address":"1007-1011 Atlantic Avenue Clinton Hill, Prospect Heights Brooklyn","asset_class":"Development"}},{"type":"Feature","geometry":{"type":"Point","coordinates":[-74.0045634,40.7172176]},"properties":{"name":"351 Broadway","address":"351 Broadway  TriBeCa Manhattan aka 91 Leonard Street, Century Portfolio","asset_class":"Mixed-Use, Portfolio"}},{"type":"Feature","geometry":{"type":"Point","coordinates":[-73.9476139,40.8252793]},"properties":{"name":"Boulevard Heights Portfolio","address":"Boulevard Heights Portfolio Hamilton Heights, Washington Heights, West Harlem Northern Manhattan 3489 Broadway, 519 West 143rd street, 610 West 163rd Street, 548 West 164th Street","asset_class":"Multifamily - Elevator, Multifamily - Walk-Up, Portfolio"}},{"type":"Feature","geometry":{"type":"Point","coordinates":[-74.006241,40.714695]},"properties":{"name":"287 Broadway","address":"287 Broadway  TriBeCa Manhattan Century Portfolio","asset_class":"Commercial, Office, Portfolio, User"}},{"type":"Feature","geometry":{"type":"Point","coordinates":[-73.8440698,40.8430118]},"properties":{"name":"2614 Halperin Avenue","address":"2614 Halperin Avenue  Westchester Square Bronx","asset_class":"Office"}},{"type":"Feature","geometry":{"type":"Point","coordinates":[-73.976466,40.78117]},"properties":{"name":"370-374 Columbus Avenue","address":"370-374 Columbus Avenue  Upper West Side Manhattan","asset_class":"Mixed-Use"}},{"type":"Feature","geometry":{"type":"Point","coordinates":[-73.999272,40.755754]},"properties":{"name":"511 West 35th Street","address":"511 West 35th Street Midtown West  Manhattan","asset_class":"Development"}},{"type":"Feature","geometry":{"type":"Point","coordinates":[-73.9979129,40.757493]},"properties":{"name":"509 West 38th Street","address":"509 West 38th Street Hudson Yards, Midtown West Manhattan","asset_class":"Development"}},{"type":"Feature","geometry":{"type":"Point","coordinates":[-74.3969642,40.9086687]},"properties":{"name":"520-550 Myrtle Avenue","address":"520-550 Myrtle Avenue  Boonton New Jersey","asset_class":"Retail"}},{"type":"Feature","geometry":{"type":"Point","coordinates":[-73.953652,40.780178]},"properties":{"name":"180 East 88th Street","address":"180 East 88th Street Upper East Side Manhattan","asset_class":"Development, Multifamily-Walk-Up"}},{"type":"Feature","geometry":{"type":"Point","coordinates":[-74.0084211,40.7169147]},"properties":{"name":"134 West Broadway","address":"134 West Broadway TriBeCa Manhattan Century Portfolio","asset_class":"Mixed-Use, Portfolio"}},{"type":"Feature","geometry":{"type":"Point","coordinates":[-74.0090714,40.7268885]},"properties":{"name":"385 Greenwich Street, 90 Nassau Street","address":"385 Greenwich Street, 90 Nassau Street TriBeCa Manhattan Century Portfolio, 385 Greeniwch Street (188-9), 90 Nassau Street (78-43)","asset_class":"Mixed-Use, Portfolio"}},{"type":"Feature","geometry":{"type":"Point","coordinates":[-73.9894714,40.7395819]},"properties":{"name":"920 Broadway","address":"920 Broadway  Flatiron Manhattan","asset_class":"Office"}},{"type":"Feature","geometry":{"type":"Point","coordinates":[-74.0159728,40.7093515]},"properties":{"name":"225 Rector Place","address":"225 Rector Place Battery Park City Manhattan","asset_class":"Unsold Shares"}},{"type":"Feature","geometry":{"type":"Point","coordinates":[-73.9525783,40.6111246]},"properties":{"name":"Southern Brooklyn Portfolio II","address":"Southern Brooklyn Portfolio II Bensonhurst, Brighton Beach, Sheepshead Bay Brooklyn Manhattan Beach Estates, 2835-2875 Ocean Avenue, 357 Avenue P","asset_class":"Multifamily - Elevator, Portfolio"}},{"type":"Feature","geometry":{"type":"Point","coordinates":[-73.9822488,40.7660046]},"properties":{"name":"200 Central Park South","address":"200 Central Park South Columbus Circle  Manhattan","asset_class":"Retail Condo"}},{"type":"Feature","geometry":{"type":"Point","coordinates":[-73.9661597,40.7644779]},"properties":{"name":"817 Lexington Avenue","address":"817 Lexington Avenue  Upper East Side Manhattan","asset_class":"Retail Condo"}},{"type":"Feature","geometry":{"type":"Point","coordinates":[-73.9954085,40.7502685]},"properties":{"name":"415 Eighth Avenue","address":"415 Eighth Avenue  Herald Square, Penn Station Manhattan","asset_class":"Development"}},{"type":"Feature","geometry":{"type":"Point","coordinates":[-73.9497561,40.5924244]},"properties":{"name":"2825 Ocean Avenue","address":"2825 Ocean Avenue Sheepshead Bay Brooklyn","asset_class":"Multifamily - Elevator"}},{"type":"Feature","geometry":{"type":"Point","coordinates":[-73.9676214,40.5777077]},"properties":{"name":"3003-09 Ocean Parkway","address":"3003-09 Ocean Parkway  Brighton Beach Brooklyn","asset_class":"Development"}},{"type":"Feature","geometry":{"type":"Point","coordinates":[-74.0072722,40.7055503]},"properties":{"name":"120-122 Water Street","address":"120-122 Water Street FiDi Manhattan","asset_class":"Development"}},{"type":"Feature","geometry":{"type":"Point","coordinates":[-73.9372308,40.8517474]},"properties":{"name":"730 West 183rd Street","address":"730 West 183rd Street Hudson Heights Northern Manhattan","asset_class":"Multifamily - Walk-Up"}},{"type":"Feature","geometry":{"type":"Point","coordinates":[-73.9988031,40.7554468]},"properties":{"name":"501 West 35th Street","address":"501 West 35th Street  Hudson Yards, Midtown West Manhattan","asset_class":"Development"}},{"type":"Feature","geometry":{"type":"Point","coordinates":[-74.0086591,40.7094787]},"properties":{"name":"65 Nassau Street","address":"65 Nassau Street FiDi Manhattan Century Portfolio","asset_class":"Retail Condo, Portfolio"}},{"type":"Feature","geometry":{"type":"Point","coordinates":[-73.9992845,40.7549679]},"properties":{"name":"435 Tenth Avenue","address":"435 Tenth Avenue  Hudson Yards, Midtown West Manhattan","asset_class":"Development"}},{"type":"Feature","geometry":{"type":"Point","coordinates":[-73.9855426,40.7579747]},"properties":{"name":"560 Seventh Avenue","address":"560 Seventh Avenue  Midtown West, Times Square Manhattan","asset_class":"Development, Religious"}},{"type":"Feature","geometry":{"type":"Point","coordinates":[-73.8586046,40.8936336]},"properties":{"name":"666 East 233rd Street","address":"666 East 233rd Street Wakefield Bronx","asset_class":"Mixed-Use"}},{"type":"Feature","geometry":{"type":"Point","coordinates":[-73.9374517,40.8534973]},"properties":{"name":"The Upper Manhattan Residential Portfolio","address":"The Upper Manhattan Residential Portfolio Hudson Heights Northern Manhattan 10 addresses","asset_class":"Multifamily, Portfolio"}},{"type":"Feature","geometry":{"type":"Point","coordinates":[-74.239792,40.6865669]},"properties":{"name":"1185 & 1191 Morris Avenue","address":"1185 & 1191 Morris Avenue  Union New Jersey 1185 & 1191 Morris Avenue","asset_class":"Office"}},{"type":"Feature","geometry":{"type":"Point","coordinates":[-73.825765,40.7582036]},"properties":{"name":"41-40 Union Street","address":"41-40 Union Street  Flushing Queens","asset_class":"Unsold Shares"}},{"type":"Feature","geometry":{"type":"Point","coordinates":[-74.0083969,40.7098635]},"properties":{"name":"75-81 Nassau Street","address":"75-81 Nassau Street FiDi Manhattan Century Portfolo, 75-77 Nassau Street (79-6) 4 story-elevator, 79-81 Nassau Street (79-4) 6-story elevator","asset_class":"Development, Multifamily - Elevator, Portfolio"}},{"type":"Feature","geometry":{"type":"Point","coordinates":[-73.8737293,40.6687788]},"properties":{"name":"450 Fountain Avenue","address":"450 Fountain Avenue  East New York Brooklyn","asset_class":"Community Facility"}},{"type":"Feature","geometry":{"type":"Point","coordinates":[-74.006573,40.7103466]},"properties":{"name":"55 Ann Street","address":"55 Ann Street FiDi Manhattan","asset_class":"Mixed-Use"}},{"type":"Feature","geometry":{"type":"Point","coordinates":[-73.9895153,40.7471333]},"properties":{"name":"846-850 Avenue of the Americas","address":"846-850 Avenue of the Americas Chelsea, NoMad Manhattan","asset_class":"Development"}},{"type":"Feature","geometry":{"type":"Point","coordinates":[-73.9662739,40.7612874]},"properties":{"name":"200 East 59th Street","address":"200 East 59th Street  Midtown East Manhattan 985-989 Third Avenue or 987 Third Avenue","asset_class":"Development"}},{"type":"Feature","geometry":{"type":"Point","coordinates":[-73.7848615,40.712061]},"properties":{"name":"178-02/26 Hillside Avenue","address":"178-02/26 Hillside Avenue  Jamaica Queens","asset_class":"Development"}},{"type":"Feature","geometry":{"type":"Point","coordinates":[-74.013822,40.7077509]},"properties":{"name":"88 Greenwich Street","address":"88 Greenwich Street Battery Park City Manhattan","asset_class":"Retail Condo"}},{"type":"Feature","geometry":{"type":"Point","coordinates":[-73.82803,40.9001444]},"properties":{"name":"120 East Sandford Boulevard","address":"120 East Sandford Boulevard Mount Vernon Westchester","asset_class":"Development, Industrial"}},{"type":"Feature","geometry":{"type":"Point","coordinates":[-73.9731088,40.7462558]},"properties":{"name":"645 First Avenue","address":"645 First Avenue Murray Hill Manhattan The Corinthian - 345 East 37th Street","asset_class":"Multifamily - Elevator, Unsold Shares"}},{"type":"Feature","geometry":{"type":"Point","coordinates":[-73.913818,40.8373773]},"properties":{"name":"201 Marcy Place","address":"201 Marcy Place Concourse Bronx","asset_class":"Development"}},{"type":"Feature","geometry":{"type":"Point","coordinates":[-73.9150474,40.7642384]},"properties":{"name":"2856-60 Steinway Street","address":"2856-60 Steinway Street Astoria Queens","asset_class":"Commercial, Retail"}},{"type":"Feature","geometry":{"type":"Point","coordinates":[-73.8968561,40.9180692]},"properties":{"name":"447-457 South Broadway","address":"447-457 South Broadway Yonkers Westchester","asset_class":"Commercial"}},{"type":"Feature","geometry":{"type":"Point","coordinates":[-73.9333709,40.7752351]},"properties":{"name":"26-36 4th Street","address":"26-36 4th Street Astoria Queens","asset_class":"Development"}},{"type":"Feature","geometry":{"type":"Point","coordinates":[-74.0044481,40.7448299]},"properties":{"name":"435 West 19th Street","address":"435 West 19th Street Chelsea Manhattan","asset_class":"Conversion"}},{"type":"Feature","geometry":{"type":"Point","coordinates":[-73.9884919,40.769756]},"properties":{"name":"885-889 Tenth Avenue","address":"885-889 Tenth Avenue  Hell's Kitchen, Midtown West Manhattan","asset_class":"Mixed-Use"}},{"type":"Feature","geometry":{"type":"Point","coordinates":[-73.8191887,40.7268427]},"properties":{"name":"The Kew Gardens Hills Portfolio","address":"The Kew Gardens Hills Portfolio  Kew Gardens Queens 53 buildings, 147-07 72nd Road","asset_class":"Multifamily - Walk-Up, Portfolio"}},{"type":"Feature","geometry":{"type":"Point","coordinates":[-73.932036,40.854572]},"properties":{"name":"300 & 310 Wadsworth Avenue","address":"300 & 310 Wadsworth Avenue  Washington Heights Northern Manhattan 300 & 310 Wadsworth Avenue","asset_class":"Multifamily - Elevator"}},{"type":"Feature","geometry":{"type":"Point","coordinates":[-73.9980389,40.7374869]},"properties":{"name":"116 West 14th Street","address":"116 West 14th Street West Village Manhattan","asset_class":"Retail Condo"}},{"type":"Feature","geometry":{"type":"Point","coordinates":[-73.9547282,40.7749327]},"properties":{"name":"Stone Street Portfolio","address":"Stone Street Portfolio  East Village, Upper East Side Manhattan 176 East 3rd Street, 420 East 66th Street, 336 East 81st Street, 344 East 85th Street, 404 East 88th Street","asset_class":"Multifamily - Elevator, Portfolio"}},{"type":"Feature","geometry":{"type":"Point","coordinates":[-73.9565551,40.7735649]},"properties":{"name":"The New Manhattan Portfolio","address":"The New Manhattan Portfolio Hamilton Heights, Inwood, Upper East Side Manhattan, Northern Manhattan 1771-1775 First Avenue, 149 & 157 Vermilyea Avenue, 15 & 17 Arden Street, 506-510 West 150th Street, 508-512 West 158th Street","asset_class":"Multifamily - Walk-Up, Portfolio"}},{"type":"Feature","geometry":{"type":"Point","coordinates":[-73.97779,40.789519]},"properties":{"name":"553-559 West End Avenue","address":"553-559 West End Avenue  Upper West Side Manhattan","asset_class":"Civic, Conversion, Educational"}},{"type":"Feature","geometry":{"type":"Point","coordinates":[-74.009977,40.71384]},"properties":{"name":"45-51 Park Place","address":"45-51 Park Place FiDi Manhattan","asset_class":"Civic, Cultural, Public Assemblage"}},{"type":"Feature","geometry":{"type":"Point","coordinates":[-73.9771485,40.6824509]},"properties":{"name":"427-433 Dean Street","address":"427-433 Dean Street Park Slope  Brooklyn","asset_class":"Multifamily - Walk-up"}},{"type":"Feature","geometry":{"type":"Point","coordinates":[-73.9935241,40.7560141]},"properties":{"name":"350 West 39th Street","address":"350 West 39th Street Garment District, Hudson Yards Manhattan","asset_class":"Development"}},{"type":"Feature","geometry":{"type":"Point","coordinates":[-74.0108436,40.7035474]},"properties":{"name":"66 Pearl Street","address":"66 Pearl Street FiDi Manhattan","asset_class":"Mixed-Use"}},{"type":"Feature","geometry":{"type":"Point","coordinates":[-73.8356528,40.7068862]},"properties":{"name":"116-24 Grosvenor Lane","address":"116-24 Grosvenor Lane  Kew Gardens Queens","asset_class":"Parking"}},{"type":"Feature","geometry":{"type":"Point","coordinates":[-73.9151103,40.671799]},"properties":{"name":"Eastern Parkway Portfolio","address":"Eastern Parkway Portfolio Ocean Hill Brooklyn 1613-1625 Eastern Parkway (walkup), 1631 Eastern Parkway (mixed-use)","asset_class":"Mixed-Use, Multifamily - Walk-up, Portfolio"}},{"type":"Feature","geometry":{"type":"Point","coordinates":[-73.9935348,40.7555292]},"properties":{"name":"345-53 West 38th Street","address":"345-53 West 38th Street Midtown West Manhattan","asset_class":"Commercial, Development, Office"}},{"type":"Feature","geometry":{"type":"Point","coordinates":[-73.8946277,40.8624184]},"properties":{"name":"305 & 315 East Fordham Road","address":"305 & 315 East Fordham Road Fordham Manor Bronx","asset_class":"Retail"}},{"type":"Feature","geometry":{"type":"Point","coordinates":[-73.7071828,40.6311588]},"properties":{"name":"1023 Broadway","address":"1023 Broadway  Woodmere Nassau County","asset_class":"Development, User"}},{"type":"Feature","geometry":{"type":"Point","coordinates":[-73.9971525,40.7511505]},"properties":{"name":"21 Penn Plaza","address":"21 Penn Plaza  Midtown West Manhattan aka 360 West 31st Street aka 358-72 West 31st Street","asset_class":"Office"}},{"type":"Feature","geometry":{"type":"Point","coordinates":[-73.943187,40.810446]},"properties":{"name":"380 Lenox Avenue","address":"380 Lenox Avenue  Harlem Northern Manhattan","asset_class":"Parking"}},{"type":"Feature","geometry":{"type":"Point","coordinates":[-73.9518302,40.7690013]},"properties":{"name":"1420 York Avenue","address":"1420 York Avenue  Upper East Side Manhattan","asset_class":"Parking Condo"}},{"type":"Feature","geometry":{"type":"Point","coordinates":[-73.9846498,40.7214833]},"properties":{"name":"269-271 East Houston Street","address":"269-271 East Houston Street Lower East Side Manhattan","asset_class":"Multifamily - Walk-Up"}},{"type":"Feature","geometry":{"type":"Point","coordinates":[-73.9925228,40.7553572]},"properties":{"name":"319-321 West 38th Street","address":"319-321 West 38th Street Hudson Yards, Midtown West Manhattan","asset_class":"Development, Residential Condo"}},{"type":"Feature","geometry":{"type":"Point","coordinates":[-73.9872236,40.7453334]},"properties":{"name":"264 Fifth Avenue","address":"264 Fifth Avenue  NoMad Manhattan","asset_class":"Development, Multifamily - Elevator"}},{"type":"Feature","geometry":{"type":"Point","coordinates":[-73.98994,40.7428239]},"properties":{"name":"7 West 24th Street","address":"7 West 24th Street Flatiron Manhattan","asset_class":"Development, Mixed-Use"}},{"type":"Feature","geometry":{"type":"Point","coordinates":[-73.9746925,40.7864425]},"properties":{"name":"150 West 85th Street","address":"150 West 85th Street Upper West Side Manhattan  --","asset_class":"Development, Educational Facility, Institutional, User"}},{"type":"Feature","geometry":{"type":"Point","coordinates":[-73.9548102,40.6706862]},"properties":{"name":"1525 Bedford Avenue","address":"1525 Bedford Avenue  Bedford-Stuyvesant, Crown Heights Brooklyn","asset_class":"Development"}},{"type":"Feature","geometry":{"type":"Point","coordinates":[-73.9613498,40.7623812]},"properties":{"name":"330 East 63rd Street","address":"330 East 63rd Street Upper East Side Manhattan","asset_class":"Multifamily - Elevator"}},{"type":"Feature","geometry":{"type":"Point","coordinates":[-73.9934938,40.7564899]},"properties":{"name":"355-357 West 39th Street","address":"355-357 West 39th Street Hudson Yards, Midtown West Manhattan","asset_class":"Development, Mixed-Use"}},{"type":"Feature","geometry":{"type":"Point","coordinates":[-73.9932041,40.7559375]},"properties":{"name":"338-340 West 39th Street","address":"338-340 West 39th Street Hudson Yards, Midtown West Manhattan","asset_class":"Commercial, Development, Office"}},{"type":"Feature","geometry":{"type":"Point","coordinates":[-74.0266143,40.6220904]},"properties":{"name":"463 86th Street","address":"463 86th Street Bay Ridge Brooklyn","asset_class":"Retail"}},{"type":"Feature","geometry":{"type":"Point","coordinates":[-73.9390176,40.8448407]},"properties":{"name":"4101 & 4113 Broadway","address":"4101 & 4113 Broadway Washington Heights Northern Manhattan","asset_class":"Mixed-Use, Multifamily - Elevator"}},{"type":"Feature","geometry":{"type":"Point","coordinates":[-73.9658467,40.7538894]},"properties":{"name":"401 East 50th Street","address":"401 East 50th Street Midtown East Manhattan","asset_class":"Mixed-Use"}},{"type":"Feature","geometry":{"type":"Point","coordinates":[-73.9346503,40.7694829]},"properties":{"name":"30-85 Vernon Boulevard","address":"30-85 Vernon Boulevard Astoria Queens","asset_class":"Parking"}},{"type":"Feature","geometry":{"type":"Point","coordinates":[-73.9922382,40.7373074]},"properties":{"name":"85 Fifth Avenue","address":"85 Fifth Avenue  Union Square Manhattan","asset_class":"Retail Condo"}},{"type":"Feature","geometry":{"type":"Point","coordinates":[-73.9490968,40.6843411]},"properties":{"name":"317 Putnam Avenue","address":"317 Putnam Avenue  Bedford-Stuyvesant Brooklyn","asset_class":"Multifamily - Walk-Up"}},{"type":"Feature","geometry":{"type":"Point","coordinates":[-73.9480873,40.7774212]},"properties":{"name":"409 East 87th Street","address":"409 East 87th Street Upper East Side Manhattan","asset_class":"Multifamily - Walk-Up"}},{"type":"Feature","geometry":{"type":"Point","coordinates":[-73.943372,40.833991]},"properties":{"name":"Tribrorough Portfolio","address":"Tribrorough Portfolio Hamilton Heights, Inwood, Washington Heights Bronx, Northern Manhattan 8 addresses, 536 West 158th Street","asset_class":"Multifamily - Walk-Up, Portfolio"}},{"type":"Feature","geometry":{"type":"Point","coordinates":[-74.0096578,40.7144266]},"properties":{"name":"TriBeCa Portfolio","address":"TriBeCa Portfolio TriBeCa Manhattan 57-59 Murray Street, 65-75 West Broadway (133-15) 4 story, 59-61 Warren Street","asset_class":"Development, Mixed-Use"}},{"type":"Feature","geometry":{"type":"Point","coordinates":[-73.8021648,41.0475162]},"properties":{"name":"399 Knollwood Road","address":"399 Knollwood Road White Plains Westchester","asset_class":"Office"}},{"type":"Feature","geometry":{"type":"Point","coordinates":[-73.9522857,40.7724597]},"properties":{"name":"1516-1518 First Avenue","address":"1516-1518 First Avenue  Upper East Side Manhattan","asset_class":"Development, Mixed-Use"}},{"type":"Feature","geometry":{"type":"Point","coordinates":[-73.9731658,40.7545786]},"properties":{"name":"131-141 East 47th Street","address":"131-141 East 47th Street Midtown East Manhattan 131-35 East 47th Street (1302-25) 11 story 55 x 100, 137 East 47th Street (1302-27) 17x95, 4 story, 139 East 47th Street (1302-127) 16x68, 4 story, 141 East 47th Street (1302-28) 16x70, 4 story","asset_class":"Development, Parking Garage"}},{"type":"Feature","geometry":{"type":"Point","coordinates":[-73.9884998,40.731068]},"properties":{"name":"55 Third Avenue","address":"55 Third Avenue  East Village Manhattan","asset_class":"Retail Condo"}},{"type":"Feature","geometry":{"type":"Point","coordinates":[-73.9576113,40.8035282]},"properties":{"name":"320 Manhattan Avenue","address":"320 Manhattan Avenue  Upper West Side Manhattan","asset_class":"Multifamily - Elevator"}},{"type":"Feature","geometry":{"type":"Point","coordinates":[-74.0137534,40.7092191]},"properties":{"name":"123 Washington Street","address":"123 Washington Street TriBeCa Manhattan","asset_class":"Unsold Shares"}},{"type":"Feature","geometry":{"type":"Point","coordinates":[-73.9929317,40.7295204]},"properties":{"name":"734 Broadway","address":"734 Broadway NoHo Manhattan","asset_class":"Mixed-Use"}},{"type":"Feature","geometry":{"type":"Point","coordinates":[-74.0054958,40.7101561]},"properties":{"name":"45 Beekman Street","address":"45 Beekman Street FiDi Manhattan","asset_class":"Mixed-Use"}},{"type":"Feature","geometry":{"type":"Point","coordinates":[-73.9961703,40.7547915]},"properties":{"name":"410 West 36th Street","address":"410 West 36th Street Hudson Yards, Midtown West Manhattan","asset_class":"Mixed-Use"}},{"type":"Feature","geometry":{"type":"Point","coordinates":[-73.9393326,40.6080716]},"properties":{"name":"Marine Park Luxury Rental Portfolio","address":"Marine Park Luxury Rental Portfolio Marine Park Brooklyn 1865 Burnett Street, 2801-23 Fillmore Avenue","asset_class":"Multifamily - Walk-Up, Portfolio"}},{"type":"Feature","geometry":{"type":"Point","coordinates":[-73.9776115,40.6852379]},"properties":{"name":"One Hanson Place","address":"One Hanson Place Fort Greene Brooklyn","asset_class":"Retail Condo"}},{"type":"Feature","geometry":{"type":"Point","coordinates":[-73.9775392,40.6858556]},"properties":{"name":"130-136 Saint Felix Street","address":"130-136 Saint Felix Street Fort Greene Brooklyn","asset_class":"Development"}},{"type":"Feature","geometry":{"type":"Point","coordinates":[-73.9563331,40.7769647]},"properties":{"name":"162 East 83rd Street","address":"162 East 83rd Street Upper East Side Manhattan","asset_class":"Multifamily - Elevator, Townhouse"}},{"type":"Feature","geometry":{"type":"Point","coordinates":[-73.9588473,40.7170452]},"properties":{"name":"210 Bedford Avenue","address":"210 Bedford Avenue  Williamsburg Brooklyn","asset_class":"Mixed-Use"}},{"type":"Feature","geometry":{"type":"Point","coordinates":[-73.9419522,40.6688575]},"properties":{"name":"792 Eastern Parkway","address":"792 Eastern Parkway Crown Heights Brooklyn","asset_class":"Commercial Facility, Note Sale"}},{"type":"Feature","geometry":{"type":"Point","coordinates":[-73.9433102,40.7454491]},"properties":{"name":"One Court Square","address":"One Court Square  Long Island City Queens","asset_class":"Office"}},{"type":"Feature","geometry":{"type":"Point","coordinates":[-74.0047533,40.7534094]},"properties":{"name":"606-616 West 30th Street","address":"606-616 West 30th Street Hudson Yards, Midtown West Manhattan","asset_class":"Development, Garage"}},{"type":"Feature","geometry":{"type":"Point","coordinates":[-74.000164,40.7543999]},"properties":{"name":"507-511 West 33rd Street","address":"507-511 West 33rd Street Hudson Yards, Midtown West Manhattan","asset_class":"Development, Industrial"}},{"type":"Feature","geometry":{"type":"Point","coordinates":[-73.9671479,40.7627539]},"properties":{"name":"151 East 60th Street","address":"151 East 60th Street  Midtown East Manhattan","asset_class":"Development"}},{"type":"Feature","geometry":{"type":"Point","coordinates":[-73.963331,40.762815]},"properties":{"name":"The Upper East Side Portfolio","address":"The Upper East Side Portfolio  Midtown East Manhattan 249 East 62nd Street, 251 East 62nd Street 1179 Second Avenue, 1181 Second Avenue, 1183 Second Avenue (part 1 1417-22))\n250 East 63rd Street, 355 East 72nd Street (part 2)","asset_class":"Development, Portfolio, Vacant"}},{"type":"Feature","geometry":{"type":"Point","coordinates":[-73.9661582,40.7603126]},"properties":{"name":"222 East 58th Street","address":"222 East 58th Street Midtown East, Upper East Side Manhattan","asset_class":"Retail Condo"}},{"type":"Feature","geometry":{"type":"Point","coordinates":[-73.9819579,40.6904496]},"properties":{"name":"9 DeKalb Avenue","address":"9 DeKalb Avenue Downtown Brooklyn Brooklyn","asset_class":"Development"}},{"type":"Feature","geometry":{"type":"Point","coordinates":[-74.0000522,40.7186676]},"properties":{"name":"123 Lafayette Street","address":"123 Lafayette Street SoHo Manhattan","asset_class":"Office"}},{"type":"Feature","geometry":{"type":"Point","coordinates":[-74.0078769,40.705239]},"properties":{"name":"75 Wall Street","address":"75 Wall Street  FiDi Manhattan","asset_class":"Unsold Shares"}},{"type":"Feature","geometry":{"type":"Point","coordinates":[-73.9741473,40.7958432]},"properties":{"name":"323-335 West 96th Street","address":"323-335 West 96th Street  Upper West Side Manhattan","asset_class":"50% Fee Interest"}},{"type":"Feature","geometry":{"type":"Point","coordinates":[-73.9581951,40.809175]},"properties":{"name":"415 West 120th Street","address":"415 West 120th Street  Columbia  Northern Manhattan","asset_class":"Development"}},{"type":"Feature","geometry":{"type":"Point","coordinates":[-73.9922381,40.7621639]},"properties":{"name":"440 West 47th Street","address":"440 West 47th Street Midtown West Manhattan","asset_class":"Mixed-Use"}},{"type":"Feature","geometry":{"type":"Point","coordinates":[-73.8385063,40.6516167]},"properties":{"name":"163-30 Cross Bay Boulevard","address":"163-30 Cross Bay Boulevard Howard Beach Queens","asset_class":"NNN Lease, Retail"}},{"type":"Feature","geometry":{"type":"Point","coordinates":[-73.9878269,40.7578348]},"properties":{"name":"240 West 44th Street","address":"240 West 44th Street Midtown West  Manhattan","asset_class":"Air Rights, Development"}},{"type":"Feature","geometry":{"type":"Point","coordinates":[-73.9567215,40.6096017]},"properties":{"name":"1623 Kings Highway","address":"1623 Kings Highway  Gravesend  Brooklyn","asset_class":"Mixed-Use"}},{"type":"Feature","geometry":{"type":"Point","coordinates":[-73.946898,40.7397139]},"properties":{"name":"23-30 Borden Avenue","address":"23-30 Borden Avenue  Long Island City Queens","asset_class":"Development, Industrial"}},{"type":"Feature","geometry":{"type":"Point","coordinates":[-73.9815171,40.7510129]},"properties":{"name":"14-16 East 39th Street","address":"14-16 East 39th Street Midtown South  Manhattan","asset_class":"Development"}},{"type":"Feature","geometry":{"type":"Point","coordinates":[-73.9841276,40.7480433]},"properties":{"name":"10 East 34th Street","address":"10 East 34th Street Midtown East Manhattan","asset_class":"Fee Interest, Mixed-Use, Office"}},{"type":"Feature","geometry":{"type":"Point","coordinates":[-73.958095,40.7090828]},"properties":{"name":"282 South Fifth Street","address":"282 South Fifth Street Williamsburg Brooklyn","asset_class":"Parking"}},{"type":"Feature","geometry":{"type":"Point","coordinates":[-73.9632628,40.762789]},"properties":{"name":"The Upper East Side Portfolio","address":"The Upper East Side Portfolio Upper East Side  Manhattan 249 East 62nd Street, 251 East 62nd Street 1179 Second Avenue, 1181 Second Avenue, 1183 Second Avenue (part 1)\n250 East 63rd Street, 355 East 72nd Street (part 2)","asset_class":"Mixed-Use, Multifamily - Elevator, Portfolio"}},{"type":"Feature","geometry":{"type":"Point","coordinates":[-73.9754004,40.7481208]},"properties":{"name":"211, 213 215 East 38th Street","address":"211, 213 215 East 38th Street Midtown South  Manhattan 211, 213 215 East 38th Street","asset_class":"Development"}},{"type":"Feature","geometry":{"type":"Point","coordinates":[-73.9171059,40.8680899]},"properties":{"name":"509 West 212th Street","address":"509 West 212th Street Inwood Northern Manhattan","asset_class":"Multifamily - Walk-Up"}},{"type":"Feature","geometry":{"type":"Point","coordinates":[-73.9965625,40.6038429]},"properties":{"name":"2061-2063 86th Street","address":"2061-2063 86th Street Bensonhurst Brooklyn","asset_class":"Commercial"}},{"type":"Feature","geometry":{"type":"Point","coordinates":[-74.0108436,40.7035474]},"properties":{"name":"66 Pearl Street","address":"66 Pearl Street  FiDi Manhattan","asset_class":"Retail Condo"}},{"type":"Feature","geometry":{"type":"Point","coordinates":[-74.0059947,40.7392805]},"properties":{"name":"34 Gansevoort Street","address":"34 Gansevoort Street Meatpacking District Manhattan","asset_class":"Mixed-Use"}},{"type":"Feature","geometry":{"type":"Point","coordinates":[-73.967611,40.7572028]},"properties":{"name":"245 East 53rd Street","address":"245 East 53rd Street Midtown East  Manhattan","asset_class":"Development"}},{"type":"Feature","geometry":{"type":"Point","coordinates":[-74.0033675,40.740373]},"properties":{"name":"317 West 14th Street","address":"317 West 14th Street Chelsea  Manhattan","asset_class":"Hotel"}},{"type":"Feature","geometry":{"type":"Point","coordinates":[-73.9550192,40.8015195]},"properties":{"name":"230 West 113th Street","address":"230 West 113th Street Harlem Manhattan","asset_class":"Multifamily - Elevator"}},{"type":"Feature","geometry":{"type":"Point","coordinates":[-73.9885,40.726912]},"properties":{"name":"92-94 Second Avenue","address":"92-94 Second Avenue  East Village Manhattan","asset_class":"Mixed-Use"}},{"type":"Feature","geometry":{"type":"Point","coordinates":[-73.9835748,40.7297163]},"properties":{"name":"192-194 First Avenue","address":"192-194 First Avenue  East Village  Manhattan","asset_class":"Mixed-Use"}},{"type":"Feature","geometry":{"type":"Point","coordinates":[-73.9840502,40.7371889]},"properties":{"name":"253-261 Third Avenue","address":"253-261 Third Avenue  Gramercy Manhattan","asset_class":"Development"}},{"type":"Feature","geometry":{"type":"Point","coordinates":[-73.8535247,40.7273035]},"properties":{"name":"99-01 Queens Boulevard","address":"99-01 Queens Boulevard  Rego Park  Queens","asset_class":"Commercial, Retail"}},{"type":"Feature","geometry":{"type":"Point","coordinates":[-73.9759735,40.7823856]},"properties":{"name":"117 West 79th Street","address":"117 West 79th Street Upper West Side Manhattan","asset_class":"Multifamily - Elevator, SRO"}},{"type":"Feature","geometry":{"type":"Point","coordinates":[-74.0070627,40.6534353]},"properties":{"name":"341-353 39th Street","address":"341-353 39th Street Sunset Park  Brooklyn","asset_class":"Commercial"}},{"type":"Feature","geometry":{"type":"Point","coordinates":[-73.8319468,40.7633489]},"properties":{"name":"135-35 Northern Boulevard","address":"135-35 Northern Boulevard Flushing Queens","asset_class":"Development"}},{"type":"Feature","geometry":{"type":"Point","coordinates":[-73.8459519,40.7265698]},"properties":{"name":"108-05 68th  Road","address":"108-05 68th  Road Forest Hills  Queens","asset_class":"Development, User"}},{"type":"Feature","geometry":{"type":"Point","coordinates":[-73.983206,40.723004]},"properties":{"name":"197 East 3rd Street","address":"197 East 3rd Street East Village  Manhattan","asset_class":"Mixed-Use"}},{"type":"Feature","geometry":{"type":"Point","coordinates":[-73.9946094,40.70195]},"properties":{"name":"The Watchtower Bible and Tract Society of New York Headquarters","address":"The Watchtower Bible and Tract Society of New York Headquarters DUMBO  Brooklyn  20-35 Columbia Heights","asset_class":"Office"}},{"type":"Feature","geometry":{"type":"Point","coordinates":[-73.9335807,40.851982]},"properties":{"name":"220 Wadsworth Avenue","address":"220 Wadsworth Avenue  Washington Heights Manhattan","asset_class":"Mixed-Use"}},{"type":"Feature","geometry":{"type":"Point","coordinates":[-73.9627595,40.761835]},"properties":{"name":"305 East 61st Street","address":"305 East 61st Street Upper East Side  Manhattan","asset_class":"Conversion"}},{"type":"Feature","geometry":{"type":"Point","coordinates":[-73.9811407,40.7839736]},"properties":{"name":"2211 Broadway, 390 West End Avenue","address":"2211 Broadway, 390 West End Avenue  Upper West Side Manhattan The Apthorp","asset_class":"Sponsored Residential Units"}},{"type":"Feature","geometry":{"type":"Point","coordinates":[-73.9788227,40.6844178]},"properties":{"name":"574-576 Atlantic Avenue","address":"574-576 Atlantic Avenue  Boerum Hill Brooklyn","asset_class":"Mixed-Use"}},{"type":"Feature","geometry":{"type":"Point","coordinates":[-73.9515595,40.7121079]},"properties":{"name":"385 Union Avenue","address":"385 Union Avenue  Williamsburg Brooklyn","asset_class":"Mixed-Use"}},{"type":"Feature","geometry":{"type":"Point","coordinates":[-73.9370753,40.8043943]},"properties":{"name":"145 East 125th Street","address":"145 East 125th Street Harlem Manhattan","asset_class":"Commercial, Mixed-Use"}},{"type":"Feature","geometry":{"type":"Point","coordinates":[-73.945705,40.79825]},"properties":{"name":"1713 -1727 Madison Avenue","address":"1713 -1727 Madison Avenue East Harlem  Northern Manhattan","asset_class":"Development"}},{"type":"Feature","geometry":{"type":"Point","coordinates":[-73.943759,40.8374232]},"properties":{"name":"The Fort Riverside Portfolio","address":"The Fort Riverside Portfolio Washington Heights Northern Manhattan 66-72 Fort Washington Avenue, 80 Fort Washington Avenue, 86 Fort Washington Avenue, 844 Riverside Drive, 838 Riverside Drive","asset_class":"Multifamily - Elevator, Portfolio"}},{"type":"Feature","geometry":{"type":"Point","coordinates":[-73.9865356,40.7020057]},"properties":{"name":"85 Jay Street","address":"85 Jay Street DUMBO  Brooklyn  The Watchtower Bible and Tract Society of New York","asset_class":"Development"}},{"type":"Feature","geometry":{"type":"Point","coordinates":[-73.9818267,40.7561859]},"properties":{"name":"56 West 45th Street","address":"56 West 45th Street Midtown West Manhattan","asset_class":"Office"}},{"type":"Feature","geometry":{"type":"Point","coordinates":[-73.9029,40.9341109]},"properties":{"name":"92 Main Street","address":"92 Main Street Yonkers Yonkers","asset_class":"Mixed-Use"}},{"type":"Feature","geometry":{"type":"Point","coordinates":[-73.988817,40.7431323]},"properties":{"name":"204 Fifth Avenue","address":"204 Fifth Avenue  NoMad Manhattan","asset_class":"Mixed-Use, User"}},{"type":"Feature","geometry":{"type":"Point","coordinates":[-73.9892932,40.76518]},"properties":{"name":"424 West 52nd Street","address":"424 West 52nd Street Midtown West Manhattan","asset_class":"Development"}},{"type":"Feature","geometry":{"type":"Point","coordinates":[-73.9946469,40.7566221]},"properties":{"name":"406 West 39th Street","address":"406 West 39th Street Hudson Yards, Midtown West Manhattan","asset_class":"Multifamily - Walk-Up"}},{"type":"Feature","geometry":{"type":"Point","coordinates":[-73.6904649,40.7643806]},"properties":{"name":"3111 New Hyde Park Road","address":"3111 New Hyde Park Road North Hills Long Island","asset_class":"Office"}},{"type":"Feature","geometry":{"type":"Point","coordinates":[-73.9864578,40.7463935]},"properties":{"name":"292 Fifth Avenue","address":"292 Fifth Avenue  NoMad Manhattan","asset_class":"Development"}},{"type":"Feature","geometry":{"type":"Point","coordinates":[-73.9438634,40.8067816]},"properties":{"name":"32-46 West 125th Street","address":"32-46 West 125th Street  Harlem Northern Manhattan","asset_class":"Retail Condo, Retail"}},{"type":"Feature","geometry":{"type":"Point","coordinates":[-73.9829289,40.7189943]},"properties":{"name":"118 Ridge Street","address":"118 Ridge Street Lower East Side Manhattan","asset_class":"Multifamily - Walk-Up"}},{"type":"Feature","geometry":{"type":"Point","coordinates":[-73.8469428,40.8717962]},"properties":{"name":"4459 Madison Avenue, 3153 Seymour Avenue","address":"4459 Madison Avenue, 3153 Seymour Avenue Laconia Bronx","asset_class":"Note Sale"}},{"type":"Feature","geometry":{"type":"Point","coordinates":[-74.0097022,40.721825]},"properties":{"name":"415 Greenwich Street","address":"415 Greenwich Street TriBeCa Manhattan","asset_class":"Retail"}},{"type":"Feature","geometry":{"type":"Point","coordinates":[-73.9844573,40.7514469]},"properties":{"name":"34-36 West 38th Street","address":"34-36 West 38th Street Garment District Manhattan","asset_class":"Development"}},{"type":"Feature","geometry":{"type":"Point","coordinates":[-73.9458025,40.7913864]},"properties":{"name":"169 East 105th Street","address":"169 East 105th Street East Harlem Northern Manhattan","asset_class":"Multifamily - Walk-Up"}},{"type":"Feature","geometry":{"type":"Point","coordinates":[-74.0073939,40.7107127]},"properties":{"name":"105 Nassau Street","address":"105 Nassau Street FiDi Manhattan","asset_class":"Retail"}},{"type":"Feature","geometry":{"type":"Point","coordinates":[-74.0108436,40.7035474]},"properties":{"name":"66 Pearl Street","address":"66 Pearl Street  FiDi Manhattan","asset_class":"Multifamily - Elevator"}},{"type":"Feature","geometry":{"type":"Point","coordinates":[-73.980004,40.7820311]},"properties":{"name":"206-210 West 77th Street","address":"206-210 West 77th Street Upper West Side  Manhattan","asset_class":"Retail Condo"}},{"type":"Feature","geometry":{"type":"Point","coordinates":[-73.9489425,40.7742489]},"properties":{"name":"453 East 83rd Street","address":"453 East 83rd Street Upper East Side Manhattan","asset_class":"Multifamily - Walk-Up"}},{"type":"Feature","geometry":{"type":"Point","coordinates":[-73.9945073,40.7446505]},"properties":{"name":"140, 152-154 West 24th Street","address":"140, 152-154 West 24th Street Chelsea Manhattan 157 West 23rd Street","asset_class":"Development"}},{"type":"Feature","geometry":{"type":"Point","coordinates":[-73.984072,40.7208974]},"properties":{"name":"14 Clinton Street","address":"14 Clinton Street Lower East Side Manhattan","asset_class":"Development"}},{"type":"Feature","geometry":{"type":"Point","coordinates":[-73.9533243,40.8084084]},"properties":{"name":"300 West 122nd Street","address":"300 West 122nd Street Harlem  Northern Manhattan","asset_class":"Development"}},{"type":"Feature","geometry":{"type":"Point","coordinates":[-73.9492524,40.7775101]},"properties":{"name":"1665 First Avenue","address":"1665 First Avenue Upper East Side  Manhattan","asset_class":"Mixed-Use"}},{"type":"Feature","geometry":{"type":"Point","coordinates":[-73.9600138,40.6658755]},"properties":{"name":"960 Franklin Avenue","address":"960 Franklin Avenue Crown Heights Brooklyn","asset_class":"Development"}},{"type":"Feature","geometry":{"type":"Point","coordinates":[-74.0043514,40.7279763]},"properties":{"name":"37 King Street","address":"37 King Street Hudson Square Manhattan","asset_class":"Multifamily - Elevator"}},{"type":"Feature","geometry":{"type":"Point","coordinates":[-73.9516183,40.7767306]},"properties":{"name":"312 East 85th Street","address":"312 East 85th Street Upper East Side Manhattan","asset_class":"Multifamily - Elevator"}},{"type":"Feature","geometry":{"type":"Point","coordinates":[-73.9877207,40.7250293]},"properties":{"name":"53-55 First Avenue","address":"53-55 First Avenue  East Village Manhattan","asset_class":"Mixed-Use"}},{"type":"Feature","geometry":{"type":"Point","coordinates":[-73.9580521,40.7697148]},"properties":{"name":"1403 Second Avenue","address":"1403 Second Avenue Upper East Side  Manhattan","asset_class":"Mixed-Use"}},{"type":"Feature","geometry":{"type":"Point","coordinates":[-74.0111915,40.7227284]},"properties":{"name":"67 Vestry Street","address":"67 Vestry Street TriBeCa Manhattan","asset_class":"Conversion, Multifamily - Elevator"}},{"type":"Feature","geometry":{"type":"Point","coordinates":[-72.6151169,40.9848784]},"properties":{"name":"Long Island Industrial Portfolio","address":"Long Island Industrial Portfolio  Suffolk County Long Island  36 properties","asset_class":"Industrial, Portfolio"}},{"type":"Feature","geometry":{"type":"Point","coordinates":[-73.9504694,40.7745874]},"properties":{"name":"402 East 83rd Street","address":"402 East 83rd Street Upper East Side Manhattan","asset_class":"Multifamily - Elevator"}},{"type":"Feature","geometry":{"type":"Point","coordinates":[-73.9537529,40.7714552]},"properties":{"name":"1485 First Avenue","address":"1485 First Avenue Upper East Side Manhattan","asset_class":"Multifamily - Elevator"}},{"type":"Feature","geometry":{"type":"Point","coordinates":[-73.9141658,40.8623257]},"properties":{"name":"320 West Fordham Road","address":"320 West Fordham Road  University Heights Bronx","asset_class":"Development"}},{"type":"Feature","geometry":{"type":"Point","coordinates":[-73.9977938,40.750559]},"properties":{"name":"362 West 30th Street","address":"362 West 30th Street Hudson Yards, Penn Station Manhattan","asset_class":"Commercial"}},{"type":"Feature","geometry":{"type":"Point","coordinates":[-73.9824622,40.7770965]},"properties":{"name":"2025 Broadway","address":"2025 Broadway Upper West Side  Manhattan","asset_class":"Commercial Condo Units"}},{"type":"Feature","geometry":{"type":"Point","coordinates":[-73.9614354,40.6061603]},"properties":{"name":"2091 Coney Island Avenue","address":"2091 Coney Island Avenue Coney Island  Brooklyn","asset_class":"Commercial"}},{"type":"Feature","geometry":{"type":"Point","coordinates":[-73.9581951,40.809175]},"properties":{"name":"415 West 120th Street","address":"415 West 120th Street Columbia  Northern Manhattan","asset_class":"Development"}},{"type":"Feature","geometry":{"type":"Point","coordinates":[-73.9483309,40.8317842]},"properties":{"name":"620 West 153rd Street","address":"620 West 153rd Street Hamilton Heights Northern Manhattan","asset_class":"Development"}},{"type":"Feature","geometry":{"type":"Point","coordinates":[-74.0015165,40.7188938]},"properties":{"name":"272-274 Canal Street","address":"272-274 Canal Street Chinatown Manhattan","asset_class":"Development"}},{"type":"Feature","geometry":{"type":"Point","coordinates":[-73.9877429,40.7615513]},"properties":{"name":"317 West 48th Street","address":"317 West 48th Street Hell's Kitchen, Midtown West Manhattan","asset_class":"Development"}},{"type":"Feature","geometry":{"type":"Point","coordinates":[-73.904365,40.809305]},"properties":{"name":"429, 433, 447 Bruckner Boulevard","address":"429, 433, 447 Bruckner Boulevard Hunts Point Bronx","asset_class":"Development"}},{"type":"Feature","geometry":{"type":"Point","coordinates":[-73.9615803,40.6069994]},"properties":{"name":"1100 Kings Highway","address":"1100 Kings Highway Midwood, Sheepshead Bay Brooklyn","asset_class":"Development, Retail"}},{"type":"Feature","geometry":{"type":"Point","coordinates":[-73.9982983,40.7323744]},"properties":{"name":"27 Washington Square North","address":"27 Washington Square North West Village Manhattan  --","asset_class":"Multifamily - Elevator, User"}},{"type":"Feature","geometry":{"type":"Point","coordinates":[-73.9575211,40.7718293]},"properties":{"name":"221 East 82nd Street, 228 East 81st Street & 343 East 76th Street","address":"221 East 82nd Street, 228 East 81st Street & 343 East 76th Street Upper East Side Manhattan","asset_class":"Multifamily - Elevator"}},{"type":"Feature","geometry":{"type":"Point","coordinates":[-73.9726559,40.7503031]},"properties":{"name":"219-235 East 42nd Street","address":"219-235 East 42nd Street Midtown East Manhattan Pfizer","asset_class":"Development"}},{"type":"Feature","geometry":{"type":"Point","coordinates":[-74.0291855,40.6176941]},"properties":{"name":"9201 5th Avenue","address":"9201 5th Avenue Bay Ridge  Brooklyn","asset_class":"Retail"}},{"type":"Feature","geometry":{"type":"Point","coordinates":[-74.0088672,40.7169618]},"properties":{"name":"163 Duane Street","address":"163 Duane Street TriBeCa Manhattan","asset_class":"Office, Retail"}},{"type":"Feature","geometry":{"type":"Point","coordinates":[-73.9760405,40.7627164]},"properties":{"name":"26 West 56th Street","address":"26 West 56th Street Midtown West Manhattan  --","asset_class":"Retail, User"}},{"type":"Feature","geometry":{"type":"Point","coordinates":[-73.9707667,40.7981298]},"properties":{"name":"838 West End Avenue","address":"838 West End Avenue Upper West Side  Manhattan","asset_class":"Multifamily - Elevator"}},{"type":"Feature","geometry":{"type":"Point","coordinates":[-73.9581948,40.772519]},"properties":{"name":"The Blockfront Portfolio","address":"The Blockfront Portfolio Upper East Side Manhattan 1329-1337 Third Avenue, 1339-1341 Third Avenue, 1343-1345 Third Avenue, 1347 Third Avenue, 202 East 77th Street, 201-203 East 76th Street","asset_class":"Development, Mixed-Use, Portfolio, User"}},{"type":"Feature","geometry":{"type":"Point","coordinates":[-73.9669027,40.7590119]},"properties":{"name":"222 East 56th Street","address":"222 East 56th Street Midtown East Manhattan","asset_class":"Multifamily - Elevator"}},{"type":"Feature","geometry":{"type":"Point","coordinates":[-73.8669456,40.856256]},"properties":{"name":"Pelham Parkway Portfolio","address":"Pelham Parkway Portfolio Pelham Bronx  2180 BPE, 2197-2199 Cruger Ave & 2198 Cruger Ave","asset_class":"Multifamily - Elevator, Portfolio"}},{"type":"Feature","geometry":{"type":"Point","coordinates":[-73.9942377,40.7186419]},"properties":{"name":"135 & 160 Bowery","address":"135 & 160 Bowery  Lower East Side Manhattan","asset_class":"Office"}},{"type":"Feature","geometry":{"type":"Point","coordinates":[-73.9613983,40.7620076]},"properties":{"name":"341 East 62nd Street","address":"341 East 62nd Street Upper East Side Manhattan","asset_class":"Multifamily - Elevator"}},{"type":"Feature","geometry":{"type":"Point","coordinates":[-73.9867386,40.7509068]},"properties":{"name":"976 Avenue of the Americas","address":"976 Avenue of the Americas Penn Station  Manhattan","asset_class":"Retail"}},{"type":"Feature","geometry":{"type":"Point","coordinates":[-73.9574789,40.7708006]},"properties":{"name":"244 East 75th Street","address":"244 East 75th Street Upper East Side  Manhattan","asset_class":"Multifamily - Elevator"}},{"type":"Feature","geometry":{"type":"Point","coordinates":[-73.9906014,40.7631417]},"properties":{"name":"422 West 49th Street","address":"422 West 49th Street Hell's Kitchen, Midtown West Manhattan","asset_class":"Development"}},{"type":"Feature","geometry":{"type":"Point","coordinates":[-74.0078769,40.705239]},"properties":{"name":"75 Wall Street","address":"75 Wall Street FiDi Manhattan Units 32J, 28L, 29J, 29L","asset_class":"Unsold Shares"}},{"type":"Feature","geometry":{"type":"Point","coordinates":[-73.9660797,40.799495]},"properties":{"name":"176 West 105th Street","address":"176 West 105th Street Upper West Side Manhattan","asset_class":"Institutional, User"}},{"type":"Feature","geometry":{"type":"Point","coordinates":[-74.0084208,40.7103156]},"properties":{"name":"140-142 Fulton Street","address":"140-142 Fulton Street FiDi Manhattan","asset_class":"Development"}},{"type":"Feature","geometry":{"type":"Point","coordinates":[-73.9802423,40.727542]},"properties":{"name":"538 East 11th Street","address":"538 East 11th Street East Village  Manhattan  --","asset_class":"Mixed-Use, User"}},{"type":"Feature","geometry":{"type":"Point","coordinates":[-73.9499538,40.7747853]},"properties":{"name":"417 East 83rd Street","address":"417 East 83rd Street Upper East Side  Manhattan","asset_class":"Multifamily - Elevator"}},{"type":"Feature","geometry":{"type":"Point","coordinates":[-74.0078769,40.705239]},"properties":{"name":"75 Wall Street","address":"75 Wall Street FiDi Manhattan Units 35P, 36K","asset_class":"Unsold Shares"}},{"type":"Feature","geometry":{"type":"Point","coordinates":[-73.9917724,40.7414287]},"properties":{"name":"28-30 West 22nd Street","address":"28-30 West 22nd Street Chelsea Manhattan  --","asset_class":"Office, User"}},{"type":"Feature","geometry":{"type":"Point","coordinates":[-74.0081176,40.705042]},"properties":{"name":"75 Wall Street","address":"75 Wall Street FiDi Manhattan Unit 33F","asset_class":"Unsold Shares"}},{"type":"Feature","geometry":{"type":"Point","coordinates":[-73.9597269,40.7994561]},"properties":{"name":"4-10 West 108th Street","address":"4-10 West 108th Street  Upper West Side Manhattan","asset_class":"Multifamily - Walk-Up"}},{"type":"Feature","geometry":{"type":"Point","coordinates":[-74.0078769,40.705239]},"properties":{"name":"75 Wall Street","address":"75 Wall Street FiDi Manhattan","asset_class":"Unsold Shares"}},{"type":"Feature","geometry":{"type":"Point","coordinates":[-73.9867408,40.7036408]},"properties":{"name":"42-50 Jay Street","address":"42-50 Jay Street DUMBO Brooklyn","asset_class":"Conversion, Office"}},{"type":"Feature","geometry":{"type":"Point","coordinates":[-73.9242481,40.762812]},"properties":{"name":"31-57 31st Street","address":"31-57 31st Street Astoria Queens Astoria Central","asset_class":"Multifamily - Elevator"}},{"type":"Feature","geometry":{"type":"Point","coordinates":[-73.9307861,40.8087539]},"properties":{"name":"2417 Third Avenue","address":"2417 Third Avenue  Mott Haven  Bronx Bruckner Building","asset_class":"Financing"}},{"type":"Feature","geometry":{"type":"Point","coordinates":[-74.0676654,40.7311884]},"properties":{"name":"175 Sip Avenue","address":"175 Sip Avenue Jersey City Hudson County","asset_class":"Development"}},{"type":"Feature","geometry":{"type":"Point","coordinates":[-73.9978553,40.7346811]},"properties":{"name":"57 West 10th Street","address":"57 West 10th Street West Village Manhattan","asset_class":"Mixed-Use"}},{"type":"Feature","geometry":{"type":"Point","coordinates":[-73.9619047,40.7969087]},"properties":{"name":"12 West 104th Street","address":"12 West 104th Street Upper West Side Manhattan","asset_class":"Multifamily - Elevator"}},{"type":"Feature","geometry":{"type":"Point","coordinates":[-73.9560737,40.77259]},"properties":{"name":"266 East 78th Street","address":"266 East 78th Street Upper East Side Manhattan","asset_class":"Mixed-Use"}},{"type":"Feature","geometry":{"type":"Point","coordinates":[-73.9552338,40.7764144]},"properties":{"name":"1461-1465 Third Avenue","address":"1461-1465 Third Avenue Upper East Side  Manhattan 200 East 83rd Street","asset_class":"Development"}},{"type":"Feature","geometry":{"type":"Point","coordinates":[-73.9868838,40.6834718]},"properties":{"name":"450 Warren Street","address":"450 Warren Street Boerum Hill Brooklyn","asset_class":"Development"}},{"type":"Feature","geometry":{"type":"Point","coordinates":[-73.9811591,40.7286433]},"properties":{"name":"182-184 Avenue A","address":"182-184 Avenue A East Village  Manhattan","asset_class":"Multifamily - Elevator"}},{"type":"Feature","geometry":{"type":"Point","coordinates":[-73.9678846,40.7687729]},"properties":{"name":"25 East 67th Street","address":"25 East 67th Street Upper East Side Manhattan","asset_class":"Multifamily - Elevator"}},{"type":"Feature","geometry":{"type":"Point","coordinates":[-73.9783252,40.6914978]},"properties":{"name":"Maynard Bldg Brooklyn Hospital","address":"Maynard Bldg Brooklyn Hospital  Fort Greene Brooklyn 240 Willoughby Street","asset_class":"Development"}},{"type":"Feature","geometry":{"type":"Point","coordinates":[-73.967039,40.76902]},"properties":{"name":"30 East 68th Street","address":"30 East 68th Street Upper East Side Manhattan","asset_class":"Multifamily - Elevator, Mixed-Use"}},{"type":"Feature","geometry":{"type":"Point","coordinates":[-73.983717,40.7591064]},"properties":{"name":"157 West 47th Street / Night Hotel","address":"157 West 47th Street / Night Hotel Midtown West  Manhattan","asset_class":"Hotel"}},{"type":"Feature","geometry":{"type":"Point","coordinates":[-73.968368,40.7513062]},"properties":{"name":"809 UN Plaza","address":"809 UN Plaza Midtown East Manhattan  --","asset_class":"Office/Office Condo, User"}},{"type":"Feature","geometry":{"type":"Point","coordinates":[-73.9588119,40.7805715]},"properties":{"name":"48-50 East 86th Street","address":"48-50 East 86th Street Upper East Side Manhattan","asset_class":"Development"}},{"type":"Feature","geometry":{"type":"Point","coordinates":[-73.9664134,40.6819296]},"properties":{"name":"547 Clinton Avenue , 540 Waverly Avenue","address":"547 Clinton Avenue , 540 Waverly Avenue  Clinton Hill, Prospect Heights Brooklyn Atlantic Waverly","asset_class":"Development"}},{"type":"Feature","geometry":{"type":"Point","coordinates":[-73.9837008,40.7595001]},"properties":{"name":"150 West 48th Street","address":"150 West 48th Street Midtown West  Manhattan","asset_class":"Development"}},{"type":"Feature","geometry":{"type":"Point","coordinates":[-74.0096555,40.7154045]},"properties":{"name":"88 West Broadway","address":"88 West Broadway  FiDi Manhattan","asset_class":"Development"}},{"type":"Feature","geometry":{"type":"Point","coordinates":[-73.9307861,40.8087539]},"properties":{"name":"2417 Third Avenue","address":"2417 Third Avenue  Mott Haven  Bronx Bruckner Building","asset_class":"Office/Office condo"}},{"type":"Feature","geometry":{"type":"Point","coordinates":[-73.9372262,40.7500804]},"properties":{"name":"29-15 Queens Plaza North","address":"29-15 Queens Plaza North Long Island City Queens","asset_class":"Hotel"}},{"type":"Feature","geometry":{"type":"Point","coordinates":[-73.9614359,40.7783883]},"properties":{"name":"16 East 82nd Street","address":"16 East 82nd Street Upper East Side  Manhattan","asset_class":"Townhouse"}},{"type":"Feature","geometry":{"type":"Point","coordinates":[-73.9737762,40.7528922]},"properties":{"name":"150 East 45th Street","address":"150 East 45th Street Midtown East Manhattan","asset_class":"Office, User"}},{"type":"Feature","geometry":{"type":"Point","coordinates":[-73.9861896,40.7040561]},"properties":{"name":"29 Jay Street","address":"29 Jay Street DUMBO Brooklyn","asset_class":"Development"}},{"type":"Feature","geometry":{"type":"Point","coordinates":[-73.9928814,40.7418412]},"properties":{"name":"56 West 22nd Street","address":"56 West 22nd Street Chelsea  Manhattan","asset_class":"Office, Office Condo"}},{"type":"Feature","geometry":{"type":"Point","coordinates":[-73.9791892,40.6895255]},"properties":{"name":"98 Dekalb Avenue, 1 Rockwell Place","address":"98 Dekalb Avenue, 1 Rockwell Place Fort Greene Brooklyn","asset_class":"Development"}},{"type":"Feature","geometry":{"type":"Point","coordinates":[-73.9483309,40.8317842]},"properties":{"name":"620 West 153rd Street","address":"620 West 153rd Street  Hamilton Heights Northern Manhattan","asset_class":"Development"}},{"type":"Feature","geometry":{"type":"Point","coordinates":[-73.9170144,40.8396812]},"properties":{"name":"32 East 170th Street","address":"32 East 170th Street Mt. Eden Bronx","asset_class":"Retail"}},{"type":"Feature","geometry":{"type":"Point","coordinates":[-73.8859825,40.7545424]},"properties":{"name":"Donner Gardens","address":"Donner Gardens Jackson Heights Queens 33-25 81st Street","asset_class":"Unsold Shares"}},{"type":"Feature","geometry":{"type":"Point","coordinates":[-73.9277908,40.6580712]},"properties":{"name":"87 East 53rd Street","address":"87 East 53rd Street East Flatbush Brooklyn","asset_class":"Affordable Housing, Multifamily - Walk-Up, Note Sale"}},{"type":"Feature","geometry":{"type":"Point","coordinates":[-73.979718,40.745234]},"properties":{"name":"148-150 East 33rd Street","address":"148-150 East 33rd Street Kips Bay  Manhattan","asset_class":"Development"}},{"type":"Feature","geometry":{"type":"Point","coordinates":[-73.9929786,40.6612416]},"properties":{"name":"687A - 689 Fifth Avenue","address":"687A - 689 Fifth Avenue  Greenwood Heights Brooklyn","asset_class":"Mixed-Use"}},{"type":"Feature","geometry":{"type":"Point","coordinates":[-73.968661,40.688082]},"properties":{"name":"211 Lafayette Avenue","address":"211 Lafayette Avenue  Clinton Hill Brooklyn","asset_class":"Development"}},{"type":"Feature","geometry":{"type":"Point","coordinates":[-73.9591202,40.7713586]},"properties":{"name":"200 East 75th Street aka 1303-1309 Third Avenue (75th & Third)","address":"200 East 75th Street aka 1303-1309 Third Avenue (75th & Third) Upper East Side  Manhattan 75th & Third Avenue, 1303-1309 Third Avenue, 202 East 75th Street","asset_class":"Development"}},{"type":"Feature","geometry":{"type":"Point","coordinates":[-73.9542362,40.683453]},"properties":{"name":"186 Putnam Avenue","address":"186 Putnam Avenue   Bedford - Stuyvesant Brooklyn","asset_class":"Multifamily - Elevator"}},{"type":"Feature","geometry":{"type":"Point","coordinates":[-73.9837985,40.7760596]},"properties":{"name":"170 Amsterdam","address":"170 Amsterdam Lincoln Square Manhattan","asset_class":"Mixuse, Multifamily - Elevator, Retail, Consulting"}},{"type":"Feature","geometry":{"type":"Point","coordinates":[-73.9820176,40.6706961]},"properties":{"name":"354 6th Avenue","address":"354 6th Avenue South Slope  Brooklyn","asset_class":"Note Sale, Retail"}},{"type":"Feature","geometry":{"type":"Point","coordinates":[-73.9623639,40.7661153]},"properties":{"name":"1153-1157 Third Avenue / 206-210 East 67th Street","address":"1153-1157 Third Avenue / 206-210 East 67th Street  --  Manhattan","asset_class":"--"}},{"type":"Feature","geometry":{"type":"Point","coordinates":[-73.9922431,40.7510873]},"properties":{"name":"One Penn Plaza","address":"One Penn Plaza Midtown South  Manhattan","asset_class":"Office"}},{"type":"Feature","geometry":{"type":"Point","coordinates":[-73.9615547,40.7196525]},"properties":{"name":"55 N 6th Street","address":"55 N 6th Street Williamsburg Brooklyn","asset_class":"Development"}},{"type":"Feature","geometry":{"type":"Point","coordinates":[-73.9880804,40.6915489]},"properties":{"name":"360-370 Fulton Street","address":"360-370 Fulton Street Downtown Brooklyn Brooklyn","asset_class":"Development"}},{"type":"Feature","geometry":{"type":"Point","coordinates":[-73.9492768,40.7142286]},"properties":{"name":"589 Metropolitan Avenue","address":"589 Metropolitan Avenue  Williamsburg Brooklyn","asset_class":"Development"}},{"type":"Feature","geometry":{"type":"Point","coordinates":[-73.9602516,40.776656]},"properties":{"name":"920 Park Avenue","address":"920 Park Avenue  Upper East Side  Manhattan","asset_class":"Multifamily - Elevator"}},{"type":"Feature","geometry":{"type":"Point","coordinates":[-73.9509872,40.772737]},"properties":{"name":"427 East 80th Street","address":"427 East 80th Street Upper East Side  Manhattan","asset_class":"Multifamily - Walk-Up"}},{"type":"Feature","geometry":{"type":"Point","coordinates":[-73.9702933,40.7550084]},"properties":{"name":"217 East 49th Street","address":"217 East 49th Street Midtown East Manhattan","asset_class":"Retail"}},{"type":"Feature","geometry":{"type":"Point","coordinates":[-73.9299562,40.8119526]},"properties":{"name":"75 Canal Street West","address":"75 Canal Street West South Bronx Bronx","asset_class":"Mixed-Use"}},{"type":"Feature","geometry":{"type":"Point","coordinates":[-73.9130251,40.8215843]},"properties":{"name":"450 East 158th Street","address":"450 East 158th Street South Bronx Bronx","asset_class":"Development, Church"}},{"type":"Feature","geometry":{"type":"Point","coordinates":[-73.976831,40.7869779]},"properties":{"name":"215 West 84th Street aka 2320 Broadway","address":"215 West 84th Street aka 2320 Broadway Upper West Side Manhattan","asset_class":"Development, Multifamily"}},{"type":"Feature","geometry":{"type":"Point","coordinates":[-73.976831,40.7869779]},"properties":{"name":"215 West 84th Street aka 2320 Broadway","address":"215 West 84th Street aka 2320 Broadway Upper West Side Manhattan","asset_class":"Development, Multifamily"}},{"type":"Feature","geometry":{"type":"Point","coordinates":[-73.8977933,40.7075702]},"properties":{"name":"66-42 Fresh Pond Road","address":"66-42 Fresh Pond Road Flushing Queens","asset_class":"Retail"}},{"type":"Feature","geometry":{"type":"Point","coordinates":[-73.9695208,40.7909461]},"properties":{"name":"100 West 93rd Street","address":"100 West 93rd Street  Upper West Side Manhattan","asset_class":"Residential"}},{"type":"Feature","geometry":{"type":"Point","coordinates":[-73.9695208,40.7909461]},"properties":{"name":"100 West 93rd Street","address":"100 West 93rd Street Upper West Side Manhattan","asset_class":"Residential"}},{"type":"Feature","geometry":{"type":"Point","coordinates":[-73.9591202,40.7713586]},"properties":{"name":"1303-1309 Third Avenue","address":"1303-1309 Third Avenue  Upper East Side Manhattan","asset_class":"Inclusionary Housing Certificates"}},{"type":"Feature","geometry":{"type":"Point","coordinates":[-73.8176415,40.7763767]},"properties":{"name":"Willets Point Land","address":"Willets Point Land Corona Queens","asset_class":"Development, Consulting"}},{"type":"Feature","geometry":{"type":"Point","coordinates":[-73.9677464,40.7571349]},"properties":{"name":"243 East 53rd Street","address":"243 East 53rd Street Sutton Place Manhattan","asset_class":"Multifamily - Walk-Up, Mixed- Use"}},{"type":"Feature","geometry":{"type":"Point","coordinates":[-73.9821938,40.7685167]},"properties":{"name":"NYC Development Pipeline Overview","address":"NYC Development Pipeline Overview -- Manhattan","asset_class":"Development, Consulting"}},{"type":"Feature","geometry":{"type":"Point","coordinates":[-73.980345,40.738977]},"properties":{"name":"429 Second Avenue","address":"429 Second Avenue Kips Bay  Manhattan","asset_class":"Development"}},{"type":"Feature","geometry":{"type":"Point","coordinates":[-73.9984062,40.7369213]},"properties":{"name":"118 West 13th Street","address":"118 West 13th Street Greenwich Village Manhattan","asset_class":"Development"}},{"type":"Feature","geometry":{"type":"Point","coordinates":[-74.0137942,40.7088355]},"properties":{"name":"111 Washington Street","address":"111 Washington Street Financial District Manhattan","asset_class":"Development, Consulting"}},{"type":"Feature","geometry":{"type":"Point","coordinates":[-73.957123,40.743663]},"properties":{"name":"2-33 50th Avenue","address":"2-33 50th Avenue Long Island City Queens","asset_class":"Development"}},{"type":"Feature","geometry":{"type":"Point","coordinates":[-73.9651449,40.7603351]},"properties":{"name":"243 East 58th Street","address":"243 East 58th Street Sutton Place Manhattan","asset_class":"Retail"}},{"type":"Feature","geometry":{"type":"Point","coordinates":[-73.954064,40.7828253]},"properties":{"name":"118 East 91st Street - Harvey Family Portfolio","address":"118 East 91st Street - Harvey Family Portfolio Upper East Side Manhattan","asset_class":"Multifamily - Elevator"}},{"type":"Feature","geometry":{"type":"Point","coordinates":[-73.9662349,40.7615357]},"properties":{"name":"991 Third Avenue","address":"991 Third Avenue  Lenox Hill Manhattan","asset_class":"Retail"}},{"type":"Feature","geometry":{"type":"Point","coordinates":[-73.8176415,40.7763767]},"properties":{"name":"Willets Point Land #2","address":"Willets Point Land #2  Corona Queens","asset_class":"Development, Consulting"}},{"type":"Feature","geometry":{"type":"Point","coordinates":[-73.9684406,40.7594685]},"properties":{"name":"924 Third Avenue","address":"924 Third Avenue Sutton Place Manhattan","asset_class":"Multifamily - Walk-Up"}},{"type":"Feature","geometry":{"type":"Point","coordinates":[-73.992723,40.744003]},"properties":{"name":"109-111 West 24th Street","address":"109-111 West 24th Street Midtown South  Manhattan","asset_class":"Office"}},{"type":"Feature","geometry":{"type":"Point","coordinates":[-73.9511104,40.7727585]},"properties":{"name":"425 East 80th Street","address":"425 East 80th Street Upper East Side Manhattan","asset_class":"Multifamily - Elevator"}},{"type":"Feature","geometry":{"type":"Point","coordinates":[-73.977654,40.7486839]},"properties":{"name":"138 East 38th Street","address":"138 East 38th Street Midtown East Manhattan","asset_class":"Multifamily - Elevator"}},{"type":"Feature","geometry":{"type":"Point","coordinates":[-73.956134,40.77237]},"properties":{"name":"1481-1489 Second Avenue","address":"1481-1489 Second Avenue Upper East Side Manhattan","asset_class":"Development"}},{"type":"Feature","geometry":{"type":"Point","coordinates":[-73.9718646,40.7569165]},"properties":{"name":"569 Lexington Avenue","address":"569 Lexington Avenue  Midtown East Manhattan","asset_class":"Hotel"}},{"type":"Feature","geometry":{"type":"Point","coordinates":[-73.9123921,40.7437567]},"properties":{"name":"43-13 52nd Street, Woodside","address":"43-13 52nd Street, Woodside Woodside Queens","asset_class":"Development"}},{"type":"Feature","geometry":{"type":"Point","coordinates":[-74.0083189,40.6733676]},"properties":{"name":"Red Hook Logistics Center","address":"Red Hook Logistics Center Red Hook Brooklyn","asset_class":"Industrial"}},{"type":"Feature","geometry":{"type":"Point","coordinates":[-73.9314499,40.8158053]},"properties":{"name":"325 Exterior Street","address":"325 Exterior Street Mott Haven Bronx","asset_class":"Development"}},{"type":"Feature","geometry":{"type":"Point","coordinates":[-73.9399932,40.8471441]},"properties":{"name":"353 Fort Washington","address":"353 Fort Washington Hudson Heights Manhattan","asset_class":"Multifamily - Elevator"}},{"type":"Feature","geometry":{"type":"Point","coordinates":[-73.991549,40.7682173]},"properties":{"name":"539 West 54th Street","address":"539 West 54th Street Midtown West Manhattan","asset_class":"Development"}},{"type":"Feature","geometry":{"type":"Point","coordinates":[-73.953633,40.771596]},"properties":{"name":"1487 1st Avenue","address":"1487 1st Avenue Upper East Side Manhattan","asset_class":"Development"}},{"type":"Feature","geometry":{"type":"Point","coordinates":[-73.9489909,40.7790458]},"properties":{"name":"East 89th Street Portfolio:\n1. 324 East 89th Street\n2. 326 East 89th Street\n3. 327 East 89th Street\n4. 328 East 89th Street","address":"East 89th Street Portfolio:\n1. 324 East 89th Street\n2. 326 East 89th Street\n3. 327 East 89th Street\n4. 328 East 89th Street  Upper East Side Manhattan","asset_class":"Multifamily - Walk-Up, Portfolio"}},{"type":"Feature","geometry":{"type":"Point","coordinates":[-73.9837985,40.7760596]},"properties":{"name":"170 Amsterdam Ave","address":"170 Amsterdam Ave Upper West Side Manhattan","asset_class":"Multifamily - Elevator, Mixed-Use"}},{"type":"Feature","geometry":{"type":"Point","coordinates":[-73.9837985,40.7760596]},"properties":{"name":"170 Amsterdam Ave","address":"170 Amsterdam Ave  Upper West Side  --","asset_class":"Multifamily - Elevator, Mixed-Use"}},{"type":"Feature","geometry":{"type":"Point","coordinates":[-73.9591557,40.7713122]},"properties":{"name":"1301 Third Avenue","address":"1301 Third Avenue Upper East Side Manhattan","asset_class":"Multifamily - Walk-Up"}},{"type":"Feature","geometry":{"type":"Point","coordinates":[-73.9965857,40.7556976]},"properties":{"name":"430 West 37th Street","address":"430 West 37th Street Midtown West Manhattan","asset_class":"Development"}},{"type":"Feature","geometry":{"type":"Point","coordinates":[-73.8624893,40.7255722]},"properties":{"name":"VNO Rego Park","address":"VNO Rego Park Rego Park Queens","asset_class":"Development, Consulting"}},{"type":"Feature","geometry":{"type":"Point","coordinates":[-73.970964,40.7524666]},"properties":{"name":"246 East 46th Street & 959-961 Second Avenue","address":"246 East 46th Street & 959-961 Second Avenue Upper East Side Manhattan","asset_class":"Elevator Apartment"}},{"type":"Feature","geometry":{"type":"Point","coordinates":[-73.8356134,40.7590964]},"properties":{"name":"131-01 39th Avenue - Flushing Creek","address":"131-01 39th Avenue - Flushing Creek Flushing Queens","asset_class":"Development"}},{"type":"Feature","geometry":{"type":"Point","coordinates":[-73.9295969,40.8167124]},"properties":{"name":"120 East 144th Street","address":"120 East 144th Street Motthaven Bronx","asset_class":"Development"}},{"type":"Feature","geometry":{"type":"Point","coordinates":[-73.8943056,40.7374792]},"properties":{"name":"Ahern Portfolio:\n1. 69-14-69-18 49th Avenue\n2. 69-24 49th Avenue\n3. 69-32 49th Avenue\n4. 49-02 70th Street\n5. 49-04 70th Street","address":"Ahern Portfolio:\n1. 69-14-69-18 49th Avenue\n2. 69-24 49th Avenue\n3. 69-32 49th Avenue\n4. 49-02 70th Street\n5. 49-04 70th Street  Maspeth Queens","asset_class":"Industrial & Logistics"}},{"type":"Feature","geometry":{"type":"Point","coordinates":[20.5466768,50.6130093]},"properties":{"name":"Kokot Portfolio\n1. 67 Saint Marks Place\n2. 106 East 7th Street\n3. 217 East 22nd Street\n4. 239 West 15th Street\n5. 426 East 77th Street\n6. 638-640  East 14th Street","address":"Kokot Portfolio\n1. 67 Saint Marks Place\n2. 106 East 7th Street\n3. 217 East 22nd Street\n4. 239 West 15th Street\n5. 426 East 77th Street\n6. 638-640  East 14th Street Private Investor Manhattan","asset_class":"Multifamily - Walk-Up, Multifamily - Elevator, Mixed- Use"}},{"type":"Feature","geometry":{"type":"Point","coordinates":[-73.9971966,40.755687]},"properties":{"name":"439 West 36th Street","address":"439 West 36th Street Hudson Yards Manhattan","asset_class":"Development"}},{"type":"Feature","geometry":{"type":"Point","coordinates":[-73.9821938,40.7685167]},"properties":{"name":"Manhattan Land Values","address":"Manhattan Land Values -- Manhattan","asset_class":"--"}},{"type":"Feature","geometry":{"type":"Point","coordinates":[-73.9880804,40.6915489]},"properties":{"name":"360 Fulton Street","address":"360 Fulton Street Downtown Brooklyn Brooklyn","asset_class":"Development"}},{"type":"Feature","geometry":{"type":"Point","coordinates":[-73.9876353,40.721977]},"properties":{"name":"Lower East Side Portfolio\n1. 99 Allen Street\n2. 102 Norfolk Street\n3. 177 Ludlow Street","address":"Lower East Side Portfolio\n1. 99 Allen Street\n2. 102 Norfolk Street\n3. 177 Ludlow Street Lower East Side Manhattan","asset_class":"Multifamily - Walk-Up, Mixed- Use, Portfolio"}},{"type":"Feature","geometry":{"type":"Point","coordinates":[-73.972636,40.7953417]},"properties":{"name":"740 West End Avenue","address":"740 West End Avenue  Upper West Side Manhattan","asset_class":"Multifamily - Elevator"}},{"type":"Feature","geometry":{"type":"Point","coordinates":[-73.9842655,40.7513594]},"properties":{"name":"28 West 38th Street","address":"28 West 38th Street Midtown South  Manhattan","asset_class":"Retail"}},{"type":"Feature","geometry":{"type":"Point","coordinates":[-73.8370786,40.9125992]},"properties":{"name":"106 Norfolk","address":"106 Norfolk Mount Vernon Westchester","asset_class":"Multifamily - Walk-Up, Mixed- Use Financing"}},{"type":"Feature","geometry":{"type":"Point","coordinates":[-73.8370786,40.9125992]},"properties":{"name":"106 Norfolk","address":"106 Norfolk Mount Vernon Westchester","asset_class":"Multifamily - Walk-Up, Mixed- Use"}},{"type":"Feature","geometry":{"type":"Point","coordinates":[-73.9651308,40.7540391]},"properties":{"name":"420 East 51st Street","address":"420 East 51st Street Midtown East Manhattan","asset_class":"Multifamily - Elevator, Co-op, Consulting"}},{"type":"Feature","geometry":{"type":"Point","coordinates":[-73.9507215,40.7837866]},"properties":{"name":"1672 Third Avenue","address":"1672 Third Avenue Carnegie Hill  Manhattan","asset_class":"Multifamily - Walk-Up, Mixed- Use"}},{"type":"Feature","geometry":{"type":"Point","coordinates":[-73.9499885,40.7041922]},"properties":{"name":"150 Union Avenue","address":"150 Union Avenue Williamsburg Brooklyn","asset_class":"Multifamily - Elevator, Mixed-Use"}},{"type":"Feature","geometry":{"type":"Point","coordinates":[-73.9858807,40.6971765]},"properties":{"name":"22 Chapel Street","address":"22 Chapel Street Downtown Brooklyn Brooklyn","asset_class":"Multifamily - Elevator"}},{"type":"Feature","geometry":{"type":"Point","coordinates":[-73.9616217,40.77172]},"properties":{"name":"138 East 74th Street","address":"138 East 74th Street Upper East Side Manhattan","asset_class":"Multifamily- Walkup"}},{"type":"Feature","geometry":{"type":"Point","coordinates":[-73.9534642,40.7468472]},"properties":{"name":"Plaxall","address":"Plaxall Long Island City Queens","asset_class":"Industrial, Consulting"}},{"type":"Feature","geometry":{"type":"Point","coordinates":[-73.9961703,40.7547915]},"properties":{"name":"410 West 36th Street","address":"410 West 36th Street Midtown West Manhattan","asset_class":"Multifamily- Walkup"}},{"type":"Feature","geometry":{"type":"Point","coordinates":[-73.9837146,40.7325205]},"properties":{"name":"318 East 15th Street","address":"318 East 15th Street Gramercy Manhattan","asset_class":"Multifamily- Dormitory"}},{"type":"Feature","geometry":{"type":"Point","coordinates":[-73.9441579,40.6781784]},"properties":{"name":"DW Brooklyn 75","address":"DW Brooklyn 75 Brooklyn Brooklyn","asset_class":"Multifamily - Consulting"}},{"type":"Feature","geometry":{"type":"Point","coordinates":[-73.9537335,40.7713735]},"properties":{"name":"1483 First Avenue","address":"1483 First Avenue Upper East Side Manhattan","asset_class":"Air Rights"}},{"type":"Feature","geometry":{"type":"Point","coordinates":[-73.9537529,40.7714552]},"properties":{"name":"1485 First Avenue","address":"1485 First Avenue Upper East Side Manhattan","asset_class":"Air Rights"}},{"type":"Feature","geometry":{"type":"Point","coordinates":[-73.9931345,40.738079]},"properties":{"name":"10 West 17th Street","address":"10 West 17th Street  Flatiron Manhattan","asset_class":"Development"}},{"type":"Feature","geometry":{"type":"Point","coordinates":[-74.006013,40.753822]},"properties":{"name":"260 Twelfth Avenue Land Arbitration","address":"260 Twelfth Avenue Land Arbitration  Midtown West Manhattan","asset_class":"Development, Consulting"}},{"type":"Feature","geometry":{"type":"Point","coordinates":[-73.9145457,40.7009509]},"properties":{"name":"343 Menahan Street","address":"343 Menahan Street Brooklyn Brooklyn","asset_class":"Hotel / Conversion"}},{"type":"Feature","geometry":{"type":"Point","coordinates":[-73.9388155,40.7273968]},"properties":{"name":"110 Hausman Street","address":"110 Hausman Street Brooklyn Brooklyn","asset_class":"Industrial"}},{"type":"Feature","geometry":{"type":"Point","coordinates":[-73.9728525,40.7555785]},"properties":{"name":"525 Lexington Avenue","address":"525 Lexington Avenue Midtown East Manhattan","asset_class":"Hotels & Hospitality"}},{"type":"Feature","geometry":{"type":"Point","coordinates":[-73.9775343,40.762167]},"properties":{"name":"43 West 54th Street","address":"43 West 54th Street Midtown Manhattan","asset_class":"Multifamily - Elevator, Mixed-Use"}},{"type":"Feature","geometry":{"type":"Point","coordinates":[-73.95952,40.7666694]},"properties":{"name":"300 East 69th Street","address":"300 East 69th Street Upper East Side Manhattan","asset_class":"Multifamily - Walk-Up"}},{"type":"Feature","geometry":{"type":"Point","coordinates":[-73.9984062,40.7369213]},"properties":{"name":"118 West 13th Street (Construction Loan)","address":"118 West 13th Street (Construction Loan) Greenwich Village Manhattan","asset_class":"Development / Loan"}},{"type":"Feature","geometry":{"type":"Point","coordinates":[-74.0008939,40.5791175]},"properties":{"name":"Ocean Gate 4 (2730 West 33rd Street)","address":"Ocean Gate 4 (2730 West 33rd Street) Brooklyn Brooklyn","asset_class":"Development"}},{"type":"Feature","geometry":{"type":"Point","coordinates":[-73.9947949,40.5743001]},"properties":{"name":"Oceangate (18) 2955 West 29th Street","address":"Oceangate (18) 2955 West 29th Street Brooklyn Brooklyn","asset_class":"Development"}},{"type":"Feature","geometry":{"type":"Point","coordinates":[-73.9915681,40.7607715]},"properties":{"name":"405 West 45th Street","address":"405 West 45th Street Midtown West Manhattan","asset_class":"Multifamily - Walk-Up"}},{"type":"Feature","geometry":{"type":"Point","coordinates":[-73.9922873,40.7629729]},"properties":{"name":"444 West 48th Street","address":"444 West 48th Street Midtown West Manhattan","asset_class":"Multifamily - Elevator"}},{"type":"Feature","geometry":{"type":"Point","coordinates":[-73.9043377,40.8873219]},"properties":{"name":"435 West 238th Street","address":"435 West 238th Street Riverdale Bronx","asset_class":"Multifamily - Elevator"}},{"type":"Feature","geometry":{"type":"Point","coordinates":[-73.9709872,40.7886957]},"properties":{"name":"600 Columbus Avenue","address":"600 Columbus Avenue Upper West Side Manhattan","asset_class":"Multifamily - Elevator"}},{"type":"Feature","geometry":{"type":"Point","coordinates":[-73.9376896,40.7980603]},"properties":{"name":"247 East 117th Street","address":"247 East 117th Street East Harlem Manhattan","asset_class":"Development"}},{"type":"Feature","geometry":{"type":"Point","coordinates":[-74.001893,40.725369]},"properties":{"name":"98 Thompson Street","address":"98 Thompson Street SoHo Manhattan","asset_class":"Multifamily- Walkup"}},{"type":"Feature","geometry":{"type":"Point","coordinates":[-74.0044687,40.7230524]},"properties":{"name":"25 Thompson Street","address":"25 Thompson Street SoHo Manhattan","asset_class":"Multifamily- Walkup"}},{"type":"Feature","geometry":{"type":"Point","coordinates":[-74.0031563,40.7367633]},"properties":{"name":"42 Bank Street","address":"42 Bank Street West Village Manhattan","asset_class":"Multifamily- Walkup"}},{"type":"Feature","geometry":{"type":"Point","coordinates":[-73.9992137,40.7327576]},"properties":{"name":"117 Waverly Place","address":"117 Waverly Place West Village Manhattan","asset_class":"Multifamily- Walkup"}},{"type":"Feature","geometry":{"type":"Point","coordinates":[-74.0032051,40.7245326]},"properties":{"name":"71 Thompson Street","address":"71 Thompson Street SoHo Manhattan","asset_class":"Multifamily- Walkup"}},{"type":"Feature","geometry":{"type":"Point","coordinates":[-74.0055647,40.7353739]},"properties":{"name":"99 Perry Street","address":"99 Perry Street West Village Manhattan","asset_class":"Multifamily- Walkup"}},{"type":"Feature","geometry":{"type":"Point","coordinates":[-73.9829926,40.7653121]},"properties":{"name":"245 West 55th Street","address":"245 West 55th Street Midtown Manhattan","asset_class":"Development"}},{"type":"Feature","geometry":{"type":"Point","coordinates":[-73.9709872,40.7886957]},"properties":{"name":"600 Columbus Avenue","address":"600 Columbus Avenue Upper West Side Manhattan","asset_class":"Multifamily - Elevator"}},{"type":"Feature","geometry":{"type":"Point","coordinates":[-73.9907,40.757913]},"properties":{"name":"321-325 West 42nd Street","address":"321-325 West 42nd Street Midtown West Manhattan","asset_class":"Multifamily- Walkup"}},{"type":"Feature","geometry":{"type":"Point","coordinates":[-74.0103646,40.7044435]},"properties":{"name":"53-55 Stone Street","address":"53-55 Stone Street FiDi Manhattan","asset_class":"Multifamily - Elevator"}},{"type":"Feature","geometry":{"type":"Point","coordinates":[-73.9939428,40.7633656]},"properties":{"name":"515 West 47th Street","address":"515 West 47th Street Midtown West Manhattan","asset_class":"Multifamily, Mixed Use"}},{"type":"Feature","geometry":{"type":"Point","coordinates":[-73.9275623,40.7527186]},"properties":{"name":"The Collective Paper Factory","address":"The Collective Paper Factory Long Island City Queens","asset_class":"Hotels & Hospitality"}},{"type":"Feature","geometry":{"type":"Point","coordinates":[-73.9491964,40.7724699]},"properties":{"name":"81st and York (500-502 East 81st Street)","address":"81st and York (500-502 East 81st Street) Upper East Side Manhattan","asset_class":"Development"}},{"type":"Feature","geometry":{"type":"Point","coordinates":[-73.9826236,40.7797519]},"properties":{"name":"The Tempo - 240 West 73rd Street","address":"The Tempo - 240 West 73rd Street Upper West Side Manhattan","asset_class":"Multifamily - Elevator"}},{"type":"Feature","geometry":{"type":"Point","coordinates":[-73.9510841,40.7791721]},"properties":{"name":"88th Street & Second Avenue (1695 Second Avenue)","address":"88th Street & Second Avenue (1695 Second Avenue) Upper East Side Manhattan","asset_class":"Development"}},{"type":"Feature","geometry":{"type":"Point","coordinates":[-74.0184446,40.6774722]},"properties":{"name":"185 Van Dyke Street","address":"185 Van Dyke Street Red Hook Brooklyn","asset_class":"Industrial"}},{"type":"Feature","geometry":{"type":"Point","coordinates":[-73.9481368,40.774106]},"properties":{"name":"1582 York Avenue","address":"1582 York Avenue Upper East Side Manhattan","asset_class":"Multifamily- Walkup"}},{"type":"Feature","geometry":{"type":"Point","coordinates":[-73.9481656,40.7756879]},"properties":{"name":"435 East 85th Street","address":"435 East 85th Street Upper East Side Manhattan","asset_class":"Unsold Shares"}},{"type":"Feature","geometry":{"type":"Point","coordinates":[-74.0147766,40.7077822]},"properties":{"name":"90 Washington (Consulting)","address":"90 Washington (Consulting) FiDi Manhattan","asset_class":"Development, Consulting"}},{"type":"Feature","geometry":{"type":"Point","coordinates":[-73.9895684,40.7486575]},"properties":{"name":"110 West 32nd Street","address":"110 West 32nd Street Midtown Manhattan","asset_class":"Office"}},{"type":"Feature","geometry":{"type":"Point","coordinates":[-73.9882474,40.7665713]},"properties":{"name":"421 West 54th Street (Hit Factory)","address":"421 West 54th Street (Hit Factory) Midtown West / Hells Kitchen Manhattan","asset_class":"Retail Condo"}},{"type":"Feature","geometry":{"type":"Point","coordinates":[-73.9822099,40.7492732]},"properties":{"name":"218 Madison Avenue","address":"218 Madison Avenue Midtown  Manhattan","asset_class":"Development"}},{"type":"Feature","geometry":{"type":"Point","coordinates":[-73.9651308,40.7540391]},"properties":{"name":"420 East 51st Street (Consulting)","address":"420 East 51st Street (Consulting) Midtown East Manhattan","asset_class":"Development, Consulting"}},{"type":"Feature","geometry":{"type":"Point","coordinates":[-73.9683595,40.7686179]},"properties":{"name":"JT Tai & Co Foundation (1385, 14) 17 East 70th); 18 East 67th (1381, 60)","address":"JT Tai & Co Foundation (1385, 14) 17 East 70th); 18 East 67th (1381, 60) Upper East Side Manhattan","asset_class":"Multifamily, Conversion to Single Family"}},{"type":"Feature","geometry":{"type":"Point","coordinates":[-73.9722201,40.7642323]},"properties":{"name":"5 East 59th Street","address":"5 East 59th Street Midtown Manhattan","asset_class":"Office, Retail, User"}},{"type":"Feature","geometry":{"type":"Point","coordinates":[-73.9911207,40.7473685]},"properties":{"name":"129 West 29th Street","address":"129 West 29th Street Chelsea Manhattan","asset_class":"User"}},{"type":"Feature","geometry":{"type":"Point","coordinates":[-74.007063,40.746995]},"properties":{"name":"540 West 21st Street","address":"540 West 21st Street West Chelsea Manhattan","asset_class":"Development"}},{"type":"Feature","geometry":{"type":"Point","coordinates":[-73.8451328,40.7606544]},"properties":{"name":"126-16 Nothern Boulevard, 136-19 34th Avenue","address":"126-16 Nothern Boulevard, 136-19 34th Avenue Willest Point Queens","asset_class":"Development"}},{"type":"Feature","geometry":{"type":"Point","coordinates":[-73.971047,40.794987]},"properties":{"name":"2568-2574 Broadway","address":"2568-2574 Broadway","asset_class":"Multifamily - Elevator"}},{"type":"Feature","geometry":{"type":"Point","coordinates":[-73.9906523,40.7280597]},"properties":{"name":"35 Cooper Square","address":"35 Cooper Square","asset_class":"Student Housing"}},{"type":"Feature","geometry":{"type":"Point","coordinates":[-73.9606466,40.7608429]},"properties":{"name":"1114 First Avenue","address":"1114 First Avenue","asset_class":"Office to Storage Conversion"}},{"type":"Feature","geometry":{"type":"Point","coordinates":[-73.9895692,40.7376935]},"properties":{"name":"37 East 18th Street","address":"37 East 18th Street","asset_class":"Office"}},{"type":"Feature","geometry":{"type":"Point","coordinates":[-73.9593368,40.7679692]},"properties":{"name":"CB-5 Air Rights (for 842 Sixth Avenue)","address":"CB-5 Air Rights (for 842 Sixth Avenue)","asset_class":"Air Rights"}},{"type":"Feature","geometry":{"type":"Point","coordinates":[-73.9920926,40.7484974]},"properties":{"name":"154 East 53rd Street","address":"154 East 53rd Street","asset_class":"Development Site"}},{"type":"Feature","geometry":{"type":"Point","coordinates":[-73.95936362,40.76818047]},"properties":{"name":"1341-1347 Second Avenue & 242 East 71st Street","address":"1341-1347 Second Avenue & 242 East 71st Street","asset_class":"Development"}},{"type":"Feature","geometry":{"type":"Point","coordinates":[-73.94031976,40.67894615]},"properties":{"name":"400 Herkimer","address":"400 Herkimer Street","asset_class":"Multifamily"}},{"type":"Feature","geometry":{"type":"Point","coordinates":[-73.99211407,40.74865986]},"properties":{"name":"363 7th Avenue","address":"363 7th Avenue","asset_class":"Office"}},{"type":"Feature","geometry":{"type":"Point","coordinates":[-73.97718524,40.75663501]},"properties":{"name":"17 East 47th Street","address":"17 East 47th Street","asset_class":"Development, Conversion"}},{"type":"Feature","geometry":{"type":"Point","coordinates":[-73.94305872,40.71743642]},"properties":{"name":"446 Humboldt Street","address":"446 Humboldt Street","asset_class":"Multifamily- Walkup"}},{"type":"Feature","geometry":{"type":"Point","coordinates":[-73.99318815,40.73820904]},"properties":{"name":"10 West 17th Street","address":"10 West 17th Street","asset_class":"Development"}},{"type":"Feature","geometry":{"type":"Point","coordinates":[-73.97772713,40.69070935]},"properties":{"name":"Brooklyn Hospital: 121 Dekalb Avenue","address":"Brooklyn Hospital: 121 Dekalb Avenue","asset_class":"Development"}},{"type":"Feature","geometry":{"type":"Point","coordinates":[-74.06624865,40.61403804]},"properties":{"name":"1200 Bay Street","address":"1200 Bay Street","asset_class":null}},{"type":"Feature","geometry":{"type":"Point","coordinates":[-74.0039908,40.71764111]},"properties":{"name":"361 Broadway","address":"361 Broadway","asset_class":"Transferable Development Rights"}},{"type":"Feature","geometry":{"type":"Point","coordinates":[-73.9631215,40.77739592]},"properties":{"name":"985 Fifth Avenue (UAP Air Rights)","address":"985 Fifth Avenue (UAP Air Rights)","asset_class":"Air Rights"}},{"type":"Feature","geometry":{"type":"Point","coordinates":[-73.98898693,40.76977443]},"properties":{"name":"513 West 57th Street","address":"513 West 57th Street","asset_class":"Development, Ground Lease"}},{"type":"Feature","geometry":{"type":"Point","coordinates":[-74.01030772,40.72318464]},"properties":{"name":"427 Washington - 1W","address":"427 Washington","asset_class":"retail condo"}},{"type":"Feature","geometry":{"type":"Point","coordinates":[-73.9631215,40.77739592]},"properties":{"name":"985 Fifth Avenue","address":"985 Fifth Avenue","asset_class":"Transferable Development Rights"}},{"type":"Feature","geometry":{"type":"Point","coordinates":[-73.9889261,40.76986098]},"properties":{"name":"515 West 57th Street","address":"515 West 57th Street","asset_class":"125 year ground lease with option to purchase"}},{"type":"Feature","geometry":{"type":"Point","coordinates":[-73.93981446,40.80509027]},"properties":{"name":"1800 Park Avenue","address":"1800 Park Avenue","asset_class":"Development"}},{"type":"Feature","geometry":{"type":"Point","coordinates":[-73.8220579,40.76468204]},"properties":{"name":"144-28-36 Northern Boulevard","address":"144-28-36 Northern Boulevard","asset_class":"Development"}},{"type":"Feature","geometry":{"type":"Point","coordinates":[-73.97755499,40.7432322]},"properties":{"name":"Marchi Assemblage 563-571 Second Ave, 247-251 East 31st","address":"563-571 Second Ave & 247-251 East 31st Street","asset_class":"Development"}},{"type":"Feature","geometry":{"type":"Point","coordinates":[-73.97455228,40.76112422]},"properties":{"name":"3 East 54th Street","address":"3 East 54th Street","asset_class":"Development"}},{"type":"Feature","geometry":{"type":"Point","coordinates":[-73.98808856,40.74747197]},"properties":{"name":"1234 Broadway","address":"1234 Broadway","asset_class":"SRO Hotel"}},{"type":"Feature","geometry":{"type":"Point","coordinates":[-74.00976185,40.70951213]},"properties":{"name":"8-10 Maiden Lane","address":"8-10 Maiden Lane","asset_class":"Development Site, Note Sale"}},{"type":"Feature","geometry":{"type":"Point","coordinates":[-73.82273126,40.76582599]},"properties":{"name":"35th Avenue in Flushing","address":"35th Avenue in Flushing","asset_class":"Apartment Building"}}]}